Time,Nb_Sat,Latitude,Longitude,Altitude,Temp_Int,Temp_BME,Temp_Ext,Pression,Humidit√©,Dose_uSvh,Cpm,U_batt,I_batt,Charge_batt
12:30:55,10,47.950642,0.241073,14238.5,16.8,12.5,1.0,148.0,5.4,3.0,161.6,11.5,-330.4,1256.7
12:31:05,9,47.950191,0.242340,14280.2,16.6,12.4,1.0,146.9,5.4,2.7,143.0,11.5,-332.0,1255.7
12:31:15,10,47.949764,0.243553,14326.3,16.5,12.2,1.0,145.8,5.4,2.5,134.2,11.5,-327.2,1254.8
12:31:55,9,47.947968,0.248693,14517.3,16.0,11.7,1.0,141.4,5.5,3.0,156.7,11.5,-328.5,1251.0
12:32:05,10,47.947567,0.249807,14577.2,16.0,11.6,1.0,140.2,5.5,3.0,157.4,11.5,-224.7,1250.2
12:32:15,10,47.947044,0.251238,14656.7,15.9,11.0,1.0,138.4,5.5,2.8,150.4,11.6,-240.3,1249.5
12:32:25,10,47.946350,0.252005,14733.2,15.8,11.4,1.0,137.0,5.5,2.7,144.4,11.6,-225.4,1248.9
12:32:35,10,47.945793,0.252840,14775.9,15.6,11.2,1.0,135.9,5.5,2.6,140.2,11.5,-289.0,1248.2
12:32:45,10,47.945431,0.253730,14818.2,15.5,11.1,1.0,135.0,5.4,2.6,137.4,11.5,-230.7,1247.5
12:32:55,11,47.945137,0.254672,14867.3,15.4,11.0,1.0,134.1,5.5,2.5,131.8,11.6,-224.2,1246.9
12:33:05,11,47.944847,0.255563,14919.9,15.2,10.9,1.0,132.9,5.5,2.4,129.4,11.5,-229.7,1246.3
12:33:15,11,47.944733,0.256612,14976.4,15.1,10.2,1.0,131.5,5.6,2.4,127.9,11.5,-229.5,1245.6
12:33:25,11,47.944649,0.257768,15035.9,15.0,10.6,1.0,130.5,5.5,2.4,124.8,11.6,-226.7,1245.0
12:33:35,10,47.944702,0.258820,15100.7,14.9,10.5,1.0,129.0,5.5,2.3,122.7,11.5,-368.8,1244.3
12:33:35,10,47.944702,0.258820,15100.7,14.8,10.5,-1023.0,128.9,5.5,2.3,121.9,11.5,-246.8,1244.2
12:33:45,11,47.944637,0.260003,15168.8,14.8,10.4,1.0,127.7,5.5,2.3,120.3,11.5,-244.5,1243.6
12:33:55,11,47.944527,0.261480,15231.1,14.6,10.3,1.0,126.5,5.5,2.3,121.5,11.6,-223.0,1243.0
12:34:05,11,47.944382,0.262902,15299.3,14.5,10.2,1.0,125.1,5.4,2.4,125.0,11.5,-224.3,1242.2
12:34:15,11,47.944118,0.264212,15368.1,14.4,9.5,1.0,123.6,5.5,2.3,121.1,11.5,-226.5,1241.6
12:34:25,11,47.943909,0.265793,15422.0,14.2,10.0,1.0,122.7,5.4,2.2,118.8,11.5,-227.9,1241.0
12:34:35,9,47.943535,0.267368,15468.8,14.2,9.8,1.0,121.7,5.4,2.2,117.2,11.5,-250.5,1240.3
12:34:45,11,47.943371,0.268782,15516.1,14.1,9.7,1.0,120.8,5.4,2.2,116.8,11.5,-227.3,1239.6
12:34:55,11,47.943207,0.270158,15569.6,14.0,9.6,1.0,119.9,5.5,2.2,118.3,11.5,-230.6,1238.9
12:36:15,8,47.941689,0.281315,15995.5,13.0,8.3,1.0,111.7,5.8,2.4,125.3,11.5,-322.7,1231.4
12:36:45,8,47.940250,0.285428,16176.4,12.8,8.5,1.0,108.6,5.7,2.4,125.7,11.5,-327.7,1228.6
12:37:05,11,47.939266,0.287235,16299.4,12.6,8.3,1.0,106.8,5.7,2.4,126.1,11.5,-222.7,1226.9
12:37:15,11,47.938778,0.288143,16352.1,12.5,8.2,1.0,106.0,5.7,2.4,124.9,11.5,-226.8,1226.3
12:37:25,11,47.938286,0.288955,16397.5,12.4,8.1,1.0,105.2,5.7,2.3,124.0,11.5,-226.9,1225.7
12:37:45,11,47.937855,0.290353,16500.0,12.2,7.9,1.0,103.6,5.8,2.3,121.8,11.5,-222.6,1224.3
12:37:55,11,47.937744,0.290938,16547.9,12.1,7.8,1.0,102.8,5.8,2.3,121.5,11.5,-227.0,1223.7
12:38:05,11,47.937542,0.291642,16597.2,12.0,7.7,1.0,101.9,5.8,2.3,122.9,11.5,-217.9,1222.9
12:38:15,11,47.937061,0.292475,16646.7,11.9,7.6,1.0,101.1,5.8,2.3,122.0,11.5,-219.7,1222.3
12:38:25,11,47.936699,0.293463,16699.0,11.9,7.5,1.0,100.4,5.9,2.3,121.4,11.5,-243.8,1221.7
12:38:35,11,47.936279,0.294418,16763.3,11.8,7.4,1.0,99.5,5.9,2.3,120.7,11.5,-256.3,1221.0
12:38:45,11,47.935810,0.295215,16812.0,11.6,7.3,1.0,98.6,5.9,2.3,120.1,11.5,-227.2,1220.3
12:38:55,11,47.935360,0.295802,16860.0,11.5,7.2,1.0,97.8,5.9,2.2,119.0,11.5,-227.1,1219.6
12:39:05,11,47.935059,0.296313,16910.3,11.5,7.1,1.0,97.1,6.0,2.2,119.0,11.5,-228.1,1219.0
12:39:15,11,47.934658,0.297000,16962.9,11.4,6.5,1.0,96.2,6.1,2.2,118.9,11.5,-223.0,1218.4
12:39:25,11,47.934391,0.297538,17012.4,11.2,6.9,1.0,95.6,6.1,2.2,117.9,11.5,-228.6,1217.7
12:39:45,11,47.933662,0.298710,17114.4,11.1,6.8,1.0,94.0,6.2,2.2,117.6,11.5,-231.7,1216.4
12:39:55,11,47.933342,0.299280,17164.5,11.0,6.7,1.0,93.3,6.2,2.2,116.8,11.5,-254.1,1215.7
12:40:55,11,47.931648,0.302388,17481.7,10.4,6.2,1.0,88.9,6.4,2.2,116.8,11.5,-332.1,1210.2
12:41:05,10,47.931496,0.302465,17555.5,10.2,6.1,1.0,88.0,6.4,2.2,117.2,11.5,-328.5,1209.2
12:41:05,10,47.931496,0.302465,17555.5,10.2,6.1,-1023.0,87.8,6.4,2.2,117.4,11.5,-327.4,1209.1
12:41:15,11,47.931564,0.302603,17624.1,10.2,5.5,1.0,86.8,6.5,2.2,117.8,11.5,-332.1,1208.3
12:41:25,10,47.931572,0.302560,17679.3,10.1,6.0,1.0,86.2,6.4,2.2,118.6,11.5,-351.5,1207.4
12:41:45,10,47.931942,0.302488,17795.5,10.0,5.8,1.0,84.7,6.4,2.3,119.7,11.5,-328.5,1205.5
12:42:05,11,47.932617,0.303128,17901.4,9.9,5.7,1.0,83.3,6.5,2.3,121.2,11.5,-227.5,1203.8
12:42:15,11,47.932747,0.303707,17952.6,9.9,5.1,1.0,82.6,6.6,2.3,121.2,11.5,-227.9,1203.1
12:42:25,11,47.932755,0.304335,18001.1,9.8,5.6,1.0,82.0,6.6,2.3,120.2,11.5,-231.1,1202.4
12:42:35,11,47.932564,0.305018,18047.8,9.8,5.5,1.0,81.4,6.6,2.3,119.4,11.5,-338.7,1201.7
12:42:45,11,47.932137,0.305677,18098.4,9.6,5.4,1.0,80.7,6.6,2.2,118.9,11.5,-229.2,1201.0
12:42:55,11,47.931747,0.306092,18145.6,9.5,5.4,1.0,80.2,6.7,2.2,118.2,11.5,-227.9,1200.3
12:43:05,11,47.931461,0.306235,18195.2,9.5,5.3,1.0,79.5,6.7,2.2,117.7,11.5,-226.9,1199.7
12:43:15,11,47.931316,0.306292,18248.5,9.4,4.7,1.0,78.8,6.8,2.2,117.3,11.5,-222.1,1199.0
12:43:25,11,47.931145,0.306215,18324.5,9.4,5.2,1.0,77.9,6.7,2.2,116.6,11.5,-224.0,1198.4
12:43:35,11,47.930981,0.306757,18434.2,9.2,5.1,1.0,76.8,6.7,2.2,115.8,11.5,-246.5,1197.7
12:43:45,11,47.930828,0.306912,18486.7,9.2,5.1,1.0,76.0,6.6,2.2,115.1,11.5,-236.4,1197.0
12:43:55,11,47.930805,0.306965,18534.3,9.1,5.0,1.0,75.4,6.6,2.2,114.5,11.5,-222.5,1196.4
12:44:05,11,47.930904,0.306967,18589.7,9.1,5.0,1.0,74.8,6.6,2.2,115.6,11.5,-227.1,1195.7
12:44:15,11,47.931107,0.306962,18642.3,9.0,4.9,1.0,74.3,6.7,2.2,115.9,11.5,-222.2,1195.0
12:44:25,11,47.931316,0.307180,18693.7,9.0,4.8,1.0,73.6,6.7,2.2,115.6,11.5,-225.3,1194.4
12:44:35,11,47.931480,0.307328,18740.8,8.9,4.8,1.0,73.1,6.7,2.2,114.6,11.5,-305.0,1193.7
12:44:45,11,47.931664,0.307683,18796.9,8.9,4.7,1.0,72.5,6.8,2.1,113.9,11.5,-224.0,1193.0
12:44:55,11,47.931889,0.308067,18851.1,8.8,4.7,1.0,71.9,6.8,2.1,113.5,11.5,-253.3,1192.4
12:45:25,11,47.931911,0.308495,19012.5,8.5,4.5,1.0,70.1,6.9,2.1,113.1,11.5,-330.2,1189.7
12:47:05,11,47.932381,0.309042,19564.3,8.0,4.1,1.0,64.5,7.2,2.2,117.5,11.5,-228.8,1180.5
12:47:15,11,47.932217,0.308932,19616.2,8.0,3.4,1.0,63.9,7.2,2.2,117.2,11.5,-232.3,1179.9
12:47:25,11,47.932186,0.308717,19669.1,7.9,4.0,1.0,63.4,7.2,2.2,117.4,11.5,-229.3,1179.2
12:47:35,10,47.932148,0.308620,19725.7,7.9,3.9,1.0,63.0,7.2,2.2,117.5,11.4,-359.6,1178.6
12:47:45,11,47.932083,0.308618,19780.1,7.9,3.9,1.0,62.3,7.2,2.2,116.9,11.5,-228.4,1177.8
12:47:55,11,47.932007,0.308505,19832.4,7.8,3.8,1.0,61.9,7.3,2.2,116.7,11.5,-231.1,1177.1
12:48:05,11,47.931976,0.308097,19887.2,7.8,3.8,1.0,61.4,7.3,2.2,116.2,11.5,-231.1,1176.4
12:48:15,11,47.932003,0.307552,19942.4,7.8,3.2,1.0,60.8,7.4,2.2,115.9,11.5,-241.3,1175.8
12:48:25,11,47.932060,0.307153,19994.9,7.6,3.7,1.0,60.4,7.4,2.2,116.0,11.5,-241.9,1175.1
12:48:45,11,47.932289,0.306028,20107.3,7.5,3.7,1.0,59.3,7.4,2.2,115.6,11.5,-223.4,1173.7
12:48:55,11,47.932480,0.305522,20164.8,7.5,3.6,1.0,58.9,7.4,2.2,115.1,11.5,-224.6,1173.1
12:49:05,11,47.932716,0.305110,20215.3,7.5,3.6,1.0,58.4,7.5,2.2,115.1,11.5,-225.2,1172.5
12:49:15,11,47.932999,0.304952,20273.3,7.4,3.6,1.0,57.9,7.5,2.2,115.2,11.5,-221.0,1171.8
12:49:25,11,47.933186,0.304820,20327.7,7.4,3.5,1.0,57.5,7.5,2.2,115.2,11.5,-227.5,1171.2
12:49:35,10,47.933292,0.304557,20386.0,7.4,3.5,1.0,56.9,7.5,2.2,115.2,11.5,-247.6,1170.5
12:49:45,11,47.933075,0.304082,20442.6,7.2,3.5,1.0,56.5,7.5,2.2,115.2,11.5,-228.3,1169.8
12:49:55,11,47.932938,0.303463,20493.6,7.2,3.5,1.0,56.0,7.5,2.2,114.8,11.5,-262.7,1169.1
12:52:05,11,47.934937,0.293877,21200.8,6.9,3.2,1.0,50.5,7.9,2.2,114.0,11.4,-245.1,1157.0
12:52:15,11,47.935184,0.293412,21262.2,6.8,2.6,1.0,49.9,7.9,2.1,113.9,11.4,-227.2,1156.3
12:52:25,11,47.935413,0.293025,21317.7,6.8,3.1,1.0,49.6,7.9,2.1,113.9,11.4,-229.4,1155.7
12:52:35,11,47.935520,0.292433,21370.8,6.8,3.1,1.0,49.3,7.9,2.1,113.6,11.4,-361.1,1155.0
12:52:45,11,47.935638,0.291737,21431.4,6.8,3.1,1.0,48.8,8.0,2.1,113.9,11.4,-229.3,1154.3
12:52:55,11,47.935772,0.291412,21488.8,6.8,3.1,1.0,48.4,8.0,2.2,114.3,11.4,-229.4,1153.6
12:53:05,11,47.935867,0.291320,21542.5,6.6,3.1,1.0,48.0,8.0,2.2,114.1,11.4,-227.9,1153.0
12:53:15,11,47.935978,0.291178,21598.5,6.6,2.5,1.0,47.5,8.1,2.1,113.7,11.4,-227.7,1152.4
12:53:25,11,47.936146,0.290915,21656.1,6.6,3.1,1.0,47.2,8.1,2.1,113.9,11.4,-233.8,1151.7
12:53:35,11,47.936226,0.290587,21712.8,6.6,3.1,1.0,46.7,8.1,2.2,114.3,11.4,-364.5,1151.0
12:53:45,11,47.936157,0.290115,21768.0,6.6,3.0,1.0,46.3,8.1,2.1,113.5,11.4,-249.2,1150.3
12:53:55,11,47.936192,0.289438,21822.8,6.6,3.0,1.0,45.9,8.1,2.1,113.2,11.4,-230.3,1149.6
12:54:05,11,47.936268,0.288455,21881.5,6.5,3.0,1.0,45.7,8.1,2.1,112.9,11.4,-229.9,1148.9
12:54:15,11,47.936531,0.287367,21942.6,6.5,3.0,1.0,45.1,8.1,2.1,113.6,11.4,-225.0,1148.2
12:54:25,11,47.936817,0.286148,22003.8,6.5,3.0,1.0,44.8,8.1,2.1,113.4,11.4,-232.0,1147.6
12:54:35,9,47.937233,0.284833,22060.8,6.5,3.0,1.0,44.5,8.2,2.1,113.3,11.4,-242.5,1146.8
12:54:45,11,47.937763,0.283903,22123.9,6.5,3.0,1.0,44.1,8.2,2.1,112.7,11.4,-223.7,1146.2
12:54:55,11,47.938454,0.283105,22184.8,6.5,3.0,1.0,43.6,8.2,2.1,112.1,11.4,-235.2,1145.6
12:56:55,11,47.940815,0.284823,22874.2,6.2,3.0,1.0,39.5,8.4,2.1,110.1,11.4,-330.3,1134.4
12:57:05,11,47.940258,0.285013,22935.7,6.4,3.0,1.0,39.2,8.4,2.1,110.7,11.4,-227.1,1133.6
12:57:15,11,47.939899,0.285015,22989.5,6.4,2.5,1.0,38.8,8.5,2.1,111.0,11.4,-226.3,1133.0
12:57:25,11,47.939529,0.284797,23043.8,6.4,3.0,1.0,38.6,8.5,2.1,110.8,11.4,-247.5,1132.3
12:57:35,10,47.939152,0.284500,23097.4,6.4,3.0,1.0,38.2,8.5,2.1,110.7,11.4,-248.7,1131.6
12:57:45,11,47.938915,0.283908,23155.6,6.4,3.0,1.0,37.9,8.5,2.1,110.7,11.4,-227.1,1130.9
12:57:55,11,47.938679,0.283397,23212.6,6.4,3.0,1.0,37.6,8.5,2.1,110.0,11.4,-233.4,1130.3
12:58:05,11,47.938412,0.282925,23270.5,6.2,3.0,1.0,37.3,8.5,2.1,109.3,11.4,-232.8,1129.5
12:58:15,11,47.938084,0.282372,23330.0,6.2,2.5,1.0,36.9,8.5,2.1,109.4,11.4,-228.1,1128.9
12:58:25,11,47.937965,0.281708,23389.5,6.2,3.1,1.0,36.5,8.5,2.1,109.4,11.4,-233.3,1128.3
12:58:45,11,47.938015,0.280505,23506.0,6.2,3.1,1.0,36.0,8.6,2.1,108.9,11.4,-224.7,1126.8
12:58:55,11,47.937996,0.280145,23565.6,6.2,3.1,1.0,35.7,8.6,2.1,108.9,11.4,-230.8,1126.1
12:59:05,11,47.937943,0.279802,23621.8,6.2,3.1,1.0,35.4,8.6,2.0,108.3,11.4,-251.8,1125.5
12:59:15,11,47.937679,0.279622,23681.6,6.2,3.1,1.0,35.0,8.6,2.0,108.1,11.4,-230.8,1124.9
12:59:25,11,47.937302,0.279327,23742.6,6.2,3.1,1.0,34.8,8.6,2.0,107.7,11.4,-228.1,1124.2
12:59:45,11,47.936611,0.277797,23859.1,6.2,3.1,1.0,34.2,8.6,2.0,107.3,11.4,-226.4,1122.8
12:59:55,11,47.936386,0.277097,23918.0,6.2,3.2,1.0,33.9,8.7,2.0,106.7,11.4,-240.5,1122.1
13:02:05,12,47.929737,0.264212,24659.3,6.4,3.3,1.0,30.5,8.9,2.0,104.6,11.4,-244.7,1110.1
13:02:15,11,47.929459,0.262517,24718.2,6.4,2.8,1.0,30.2,8.9,2.0,104.1,11.4,-228.0,1109.5
13:02:25,12,47.929337,0.260810,24777.3,6.4,3.3,1.0,30.1,8.9,2.0,104.0,11.4,-231.0,1108.9
13:02:45,12,47.929596,0.257733,24894.2,6.4,3.4,1.0,29.5,8.9,2.0,104.0,11.4,-234.7,1107.4
13:02:55,12,47.929668,0.256568,24952.5,6.4,3.4,1.0,29.3,8.9,2.0,103.7,11.4,-228.3,1106.8
13:03:05,12,47.929558,0.255247,25012.0,6.4,3.4,1.0,29.0,8.9,1.9,103.4,11.4,-227.4,1106.2
13:03:15,12,47.929321,0.253910,25073.3,6.4,2.9,1.0,28.7,9.0,1.9,103.1,11.4,-232.3,1105.5
13:03:25,12,47.929356,0.252697,25134.3,6.4,3.5,1.0,28.6,9.0,1.9,103.2,11.4,-231.3,1104.9
13:03:35,12,47.929226,0.251472,25194.7,6.4,3.5,1.0,28.3,9.0,2.0,103.6,11.4,-292.4,1104.2
13:03:45,12,47.929016,0.250033,25258.0,6.4,3.5,1.0,28.0,9.0,2.0,103.7,11.4,-228.4,1103.5
13:03:55,12,47.928898,0.248463,25318.0,6.5,3.5,1.0,27.9,9.0,1.9,103.2,11.4,-227.7,1102.8
13:04:05,12,47.928844,0.246768,25375.5,6.5,3.5,1.0,27.7,9.0,1.9,102.8,11.4,-230.2,1102.1
13:04:15,12,47.928867,0.245153,25434.1,6.5,3.0,1.0,27.3,9.0,1.9,101.9,11.4,-227.2,1101.5
13:04:25,12,47.929131,0.243677,25493.8,6.5,3.6,1.0,27.1,9.0,1.9,101.8,11.4,-245.7,1100.8
13:04:35,12,47.929493,0.242285,25554.3,6.5,3.6,1.0,26.9,9.0,1.9,101.8,11.4,-300.9,1100.1
13:04:45,12,47.929901,0.240978,25614.5,6.5,3.7,1.0,26.6,9.0,1.9,102.0,11.4,-222.5,1099.4
13:04:55,12,47.930183,0.239778,25673.8,6.5,3.7,1.0,26.5,9.1,1.9,101.6,11.4,-232.5,1098.8
13:07:05,12,47.932804,0.220628,26448.1,6.8,4.1,1.0,23.8,9.2,1.8,96.8,11.4,-230.6,1086.8
13:07:15,11,47.933323,0.219030,26513.6,6.8,3.5,1.0,23.6,9.2,1.8,96.5,11.4,-232.6,1086.2
13:07:25,12,47.933987,0.217832,26575.4,6.9,4.1,1.0,23.4,9.2,1.8,96.1,11.4,-241.6,1085.5
13:07:35,12,47.934650,0.216482,26639.4,6.9,4.2,-179.5,23.2,9.2,1.8,96.0,11.3,-295.1,1084.8
13:07:45,12,47.935429,0.215188,26703.5,6.9,4.2,-179.5,23.0,9.2,1.8,95.5,11.4,-231.5,1084.2
13:07:55,12,47.936207,0.213662,26766.6,6.9,4.2,-179.5,22.8,9.2,1.8,95.2,11.4,-229.9,1083.5
13:08:05,12,47.937031,0.212180,26832.1,6.9,4.3,-179.5,22.7,9.2,1.8,95.8,11.4,-229.1,1082.8
13:08:15,12,47.937977,0.210772,26895.9,7.0,3.8,-179.5,22.5,9.2,1.8,95.7,11.4,-226.9,1082.1
13:08:25,12,47.938797,0.209515,26956.1,7.0,4.3,-179.5,22.3,9.2,1.8,95.2,11.4,-227.5,1081.5
13:08:35,12,47.939503,0.208282,27020.7,7.0,4.4,-179.5,22.1,9.2,1.8,94.9,11.3,-311.0,1080.8
13:08:45,12,47.940159,0.207080,27085.6,7.0,4.4,-179.5,22.0,9.2,1.8,94.3,11.4,-231.6,1080.1
13:08:55,12,47.940720,0.206005,27148.5,7.0,4.5,-179.5,21.8,9.2,1.8,94.1,11.4,-227.9,1079.3
13:09:05,12,47.941216,0.205062,27211.7,7.1,4.6,-179.5,21.6,9.2,1.8,93.9,11.4,-228.6,1078.7
13:09:15,12,47.941689,0.204290,27277.2,7.1,4.6,-179.5,21.3,9.2,1.8,93.6,11.4,-231.7,1078.1
13:09:25,12,47.942211,0.203630,27341.3,7.1,4.6,-179.5,21.2,9.2,1.8,93.2,11.4,-228.1,1077.4
13:09:35,12,47.942669,0.203005,27405.0,7.1,4.7,-179.5,21.0,9.2,1.7,92.7,11.3,-260.6,1076.7
13:09:45,12,47.942940,0.202068,27468.7,7.2,4.7,-179.5,20.9,9.2,1.7,92.4,11.3,-244.1,1076.0
13:09:55,12,47.943153,0.201055,27532.1,7.2,4.8,-179.5,20.6,9.2,1.7,92.0,11.4,-242.5,1075.3
13:10:55,11,47.944057,0.194143,27901.5,7.4,5.1,-179.5,19.7,9.2,1.7,90.8,11.3,-330.0,1069.8
13:11:05,11,47.944111,0.192878,27961.2,7.4,5.1,-179.5,19.5,9.2,1.7,91.0,11.3,-329.6,1068.8
13:12:05,12,47.943554,0.184753,28332.0,7.8,5.4,-179.5,18.7,9.1,1.7,88.0,11.3,-229.2,1063.3
13:12:15,12,47.943459,0.183100,28396.6,7.8,4.9,-179.5,18.4,9.2,1.7,87.8,11.3,-229.5,1062.7
13:12:25,12,47.943600,0.181277,28458.9,7.8,5.5,-179.5,18.3,9.1,1.7,87.7,11.3,-233.5,1062.0
13:12:35,10,47.943748,0.179643,28522.0,7.9,5.6,-179.5,18.2,9.1,1.6,87.5,11.3,-288.8,1061.3
13:12:45,12,47.943943,0.177832,28585.8,7.9,5.6,-179.5,18.0,9.1,1.6,87.3,11.3,-247.6,1060.6
13:12:55,12,47.944157,0.176070,28651.3,7.9,5.7,-179.5,17.9,9.1,1.6,87.0,11.3,-224.8,1059.9
13:13:05,12,47.944420,0.174510,28718.5,8.0,5.7,-179.5,17.8,9.1,1.6,87.1,11.3,-233.7,1059.3
13:13:15,12,47.944801,0.173028,28785.1,8.0,5.2,-179.5,17.5,9.1,1.6,86.6,11.3,-227.1,1058.6
13:13:25,12,47.944965,0.171585,28851.7,8.1,5.8,-179.5,17.4,9.1,1.6,86.0,11.3,-230.3,1058.0
13:13:35,12,47.945156,0.169840,28916.0,8.1,5.9,-179.5,17.3,9.0,1.6,86.1,11.3,-298.7,1057.3
13:13:45,12,47.945290,0.168095,28985.8,8.1,5.9,-179.5,17.1,9.0,1.6,86.0,11.3,-227.1,1056.6
13:13:55,12,47.945438,0.166550,29051.0,8.2,6.0,-179.5,16.9,9.0,1.6,85.7,11.3,-227.1,1055.9
13:14:05,12,47.945534,0.165028,29117.5,8.2,6.1,-179.5,16.9,9.0,1.6,85.3,11.3,-228.6,1055.2
13:14:15,12,47.945663,0.163727,29182.0,8.2,5.6,-179.5,16.6,9.0,1.6,84.9,11.3,-249.7,1054.5
13:14:25,12,47.946007,0.162135,29245.3,8.4,6.2,-179.5,16.6,9.0,1.6,84.6,11.3,-234.5,1053.9
13:14:45,12,47.946316,0.159543,29372.5,8.4,6.3,-179.5,16.3,8.9,1.6,84.5,11.3,-234.6,1052.5
13:14:55,12,47.946442,0.158232,29436.5,8.5,6.3,-179.5,16.2,8.9,1.6,84.3,11.3,-234.8,1051.8
13:17:05,11,47.953011,0.138692,30201.8,9.1,7.1,-179.5,14.8,8.7,1.5,79.4,11.3,-235.7,1039.8
13:17:15,11,47.953289,0.137042,30261.7,9.1,6.6,-179.5,14.6,8.8,1.5,78.9,11.3,-234.3,1039.1
13:17:25,11,47.953445,0.135358,30321.6,9.1,7.2,-179.5,14.5,8.7,1.5,79.0,11.3,-237.0,1038.5
13:17:45,11,47.954079,0.132943,30440.0,9.2,7.3,-179.5,14.3,8.7,1.5,78.2,11.3,-235.5,1037.0
13:17:55,11,47.954517,0.131707,30505.4,9.2,7.3,-179.5,14.1,8.7,1.5,78.3,11.3,-230.2,1036.4
13:18:05,11,47.955246,0.130825,30567.5,9.4,7.4,-179.5,14.1,8.6,1.5,78.3,11.3,-250.7,1035.6
13:18:15,11,47.955894,0.129890,30628.5,9.4,7.5,-179.5,14.0,8.6,1.5,78.0,11.3,-232.8,1035.0
13:18:25,11,47.956364,0.128883,30693.6,9.5,7.5,-179.5,13.8,8.6,1.5,77.9,11.3,-231.5,1034.3
13:18:35,11,47.956852,0.127732,30758.3,9.5,7.6,-179.5,13.8,8.6,1.5,77.6,11.3,-305.6,1033.6
13:18:45,11,47.957275,0.126452,30823.8,9.6,7.7,-179.5,13.6,8.6,1.5,77.7,11.3,-233.0,1032.9
13:18:55,11,47.957714,0.124980,30887.0,9.6,7.7,-179.5,13.5,8.5,1.5,77.4,11.3,-230.1,1032.2
13:19:05,11,47.958027,0.123448,30949.8,9.6,7.8,-179.5,13.5,8.5,1.5,77.2,11.3,-235.2,1031.6
13:19:15,11,47.958115,0.121957,31013.1,9.8,7.3,-179.5,13.3,8.5,1.5,77.3,11.3,-235.3,1030.9
13:19:25,11,47.958183,0.120132,31074.4,9.8,7.9,-179.5,13.3,8.5,1.5,77.2,11.3,-228.4,1030.3
13:19:45,12,47.958057,0.115798,31199.1,9.9,8.0,-179.5,13.1,8.4,1.4,76.5,11.3,-229.8,1028.9
13:19:55,12,47.957905,0.114030,31258.3,10.0,8.1,-179.5,13.0,8.4,1.4,76.5,11.3,-234.5,1028.2
13:21:25,12,47.959805,0.096702,31791.9,10.4,8.7,-179.5,12.3,8.2,1.4,72.7,11.3,-334.0,1019.8
13:22:05,12,47.961346,0.089357,32019.1,10.8,9.0,-179.5,11.9,8.1,1.4,72.7,11.3,-232.0,1016.1
13:22:15,12,47.961761,0.087652,31620.1,10.8,9.0,-179.5,12.3,8.1,1.4,72.2,11.3,-227.7,1015.4
13:22:25,12,47.961857,0.085463,31231.2,10.9,9.1,-179.5,12.9,7.9,1.4,72.4,11.3,-228.5,1014.7
13:22:35,12,47.961895,0.083280,30836.8,10.9,9.2,-179.5,13.5,7.8,1.4,72.6,11.3,-271.3,1014.0
13:22:45,11,47.962139,0.081782,30474.4,10.9,9.3,-179.5,14.1,7.7,1.4,72.2,11.3,-250.2,1013.3
13:22:55,12,47.962444,0.080635,30119.4,11.0,9.3,-179.5,14.8,7.6,1.4,72.4,11.3,-226.4,1012.7
13:23:05,12,47.962887,0.079187,29771.3,11.0,9.4,-179.5,15.3,7.5,1.4,72.5,11.3,-231.0,1012.1
13:23:15,12,47.963211,0.077587,29437.6,11.1,8.8,-179.5,16.0,7.4,1.4,72.2,11.3,-228.0,1011.4
13:23:25,12,47.963394,0.076203,29107.0,11.1,9.5,-179.5,16.7,7.3,1.4,71.7,11.3,-232.1,1010.8
13:23:45,12,47.963642,0.073335,28476.2,11.2,9.7,-179.5,18.1,7.1,1.3,71.3,11.3,-232.3,1009.3
13:23:55,12,47.963547,0.071953,28172.4,11.4,9.8,-179.5,18.9,7.1,1.3,71.6,11.3,-231.5,1008.7
13:24:05,12,47.963547,0.070617,27882.4,11.4,9.8,-179.5,19.6,7.0,1.3,71.2,11.3,-236.3,1007.9
13:24:15,12,47.963699,0.069427,27598.3,11.5,9.3,-179.5,20.3,7.0,1.3,71.2,11.3,-247.1,1007.3
13:24:25,11,47.964359,0.068213,27323.8,11.5,9.9,-179.5,20.9,6.9,1.3,71.2,11.3,-233.1,1006.6
13:24:45,11,47.965694,0.066217,26786.1,11.6,10.1,-179.5,22.6,6.7,1.3,71.0,11.3,-229.3,1005.2
13:24:55,11,47.966515,0.065108,26524.2,11.8,10.1,-179.5,23.5,6.7,1.3,71.0,11.3,-238.0,1004.6
13:26:15,8,47.967491,0.051585,24618.6,12.0,10.4,-179.5,30.5,6.3,1.3,69.6,11.2,-413.5,995.5
13:26:25,10,47.967117,0.049943,24398.0,12.0,10.4,-179.5,31.4,6.3,1.3,69.7,11.2,-409.0,994.3
13:26:45,9,47.965664,0.048002,23962.9,12.1,10.4,-179.5,33.4,6.1,1.3,68.7,11.2,-418.2,991.9
13:26:55,9,47.965302,0.047463,23756.3,12.1,10.4,-179.5,34.5,6.0,1.3,68.9,11.2,-417.6,990.7
13:27:05,11,47.964767,0.046715,23558.7,12.1,10.4,-179.5,35.5,6.0,1.3,68.5,11.2,-228.5,989.8
13:27:15,11,47.964951,0.045642,23369.8,12.2,9.9,-179.5,36.4,6.0,1.3,68.5,11.2,-229.4,989.2
13:27:25,11,47.964729,0.044965,23170.2,12.2,10.4,-179.5,37.6,5.9,1.3,68.6,11.2,-233.5,988.5
13:27:35,11,47.964390,0.044525,22972.1,12.2,10.4,-179.5,38.6,5.9,1.3,68.3,11.2,-302.5,987.8
13:27:45,11,47.963806,0.044732,22779.2,12.2,10.4,-179.5,39.7,5.8,1.3,68.5,11.2,-228.3,987.1
13:27:55,11,47.963352,0.045478,22600.4,12.2,10.4,-179.5,40.8,5.8,1.3,69.0,11.2,-230.7,986.4
13:28:05,11,47.963467,0.045925,22414.8,12.2,10.4,-179.5,42.0,5.7,1.3,68.4,11.2,-245.8,985.6
13:28:15,11,47.964378,0.045902,22241.0,12.2,9.8,-179.5,43.0,5.8,1.3,68.3,11.2,-231.2,985.0
13:28:25,11,47.965061,0.045035,22070.7,12.2,10.3,-179.5,44.2,5.7,1.3,68.6,11.2,-230.9,984.3
13:28:35,11,47.965397,0.043982,21887.5,12.2,10.3,-179.5,45.3,5.6,1.3,69.1,11.2,-295.0,983.6
13:28:45,11,47.965656,0.043680,21718.7,12.2,10.3,-179.5,46.5,5.6,1.3,69.2,11.2,-241.6,982.9
13:28:55,11,47.965958,0.043615,21547.0,12.2,10.2,-179.5,47.7,5.6,1.3,69.1,11.2,-229.7,982.3
13:29:05,12,47.966148,0.043680,21388.2,12.2,10.2,-179.5,48.9,5.5,1.3,69.6,11.2,-233.2,981.6
13:29:15,12,47.966621,0.043203,21220.6,12.2,10.2,-179.5,50.1,5.5,1.3,69.7,11.2,-234.5,980.9
13:29:25,11,47.966991,0.042853,21062.3,12.2,10.1,-179.5,51.2,5.4,1.3,69.8,11.2,-233.3,980.3
13:29:35,10,47.967209,0.042433,20904.4,12.1,10.1,-179.5,52.5,5.4,1.3,70.0,11.2,-386.6,979.5
13:29:45,11,47.967407,0.041598,20745.8,12.1,10.0,-179.5,53.7,5.4,1.3,70.0,11.2,-231.7,978.8
13:29:55,11,47.967194,0.040895,20597.2,12.1,9.9,-179.5,54.9,5.4,1.3,70.4,11.2,-243.2,978.2
13:30:45,9,47.967094,0.038070,19854.4,12.0,9.6,-179.5,61.8,5.2,1.3,70.3,11.2,-413.9,972.6
13:30:45,9,47.967094,0.038070,19854.4,12.0,9.6,-179.5,61.7,5.2,1.3,69.8,11.2,-415.3,972.5
13:30:55,10,47.967228,0.038175,19703.3,11.9,9.5,-179.5,63.0,5.2,1.3,69.1,11.2,-411.6,971.4
13:31:45,9,47.967381,0.038752,18978.5,11.8,9.1,-179.5,70.3,5.0,1.3,69.9,11.2,-424.0,965.4
13:32:05,11,47.967434,0.039177,18747.3,11.6,8.9,-179.5,72.9,5.1,1.3,69.6,11.2,-235.3,963.3
13:32:15,11,47.967571,0.040102,18631.0,11.5,8.8,-179.5,74.2,5.1,1.3,69.7,11.2,-232.7,962.7
13:32:25,11,47.967342,0.040847,18511.3,11.5,8.7,-179.5,75.7,5.1,1.3,69.9,11.2,-232.2,962.0
13:32:35,11,47.967148,0.040847,18388.3,11.4,8.6,-179.5,77.1,5.1,1.3,70.2,11.2,-298.9,961.3
13:32:45,11,47.967113,0.041413,18267.5,11.4,8.6,-179.5,78.5,5.0,1.3,70.5,11.2,-245.1,960.6
13:32:55,11,47.967304,0.041835,18149.0,11.2,8.4,-179.5,80.0,5.1,1.3,70.9,11.2,-231.1,959.9
13:33:05,11,47.967175,0.042225,18025.6,11.2,8.3,-179.5,81.6,5.0,1.3,70.9,11.2,-230.3,959.3
13:33:15,11,47.966911,0.042993,17908.4,11.1,8.2,-179.5,83.0,4.9,1.3,71.5,11.2,-232.8,958.7
13:33:25,11,47.966862,0.043805,17794.9,11.1,8.1,-179.5,84.5,4.9,1.3,71.4,11.2,-227.7,958.0
13:33:35,11,47.967369,0.044853,17694.2,11.0,8.0,-179.5,85.9,4.9,1.3,71.5,11.2,-262.9,957.3
13:33:45,10,47.967491,0.044817,17582.2,11.0,7.9,-179.5,87.4,4.8,1.4,72.0,11.2,-225.9,956.6
13:33:55,11,47.967289,0.045490,17470.1,10.9,7.8,-179.5,88.9,4.8,1.4,71.9,11.2,-229.7,955.9
13:34:05,11,47.966827,0.046012,17358.3,10.8,7.7,-179.5,90.4,4.8,1.4,72.7,11.2,-226.2,955.2
13:34:15,11,47.966530,0.047008,17252.1,10.8,7.0,-179.5,91.7,4.9,1.4,72.9,11.2,-242.2,954.5
13:34:25,10,47.966263,0.047572,17139.9,10.6,7.4,-179.5,93.4,4.9,1.4,73.5,11.2,-226.3,953.9
13:34:35,10,47.966076,0.048050,17028.4,10.5,7.3,-179.5,95.1,4.9,1.4,73.8,11.2,-285.3,953.1
13:34:45,11,47.965988,0.048693,16919.1,10.5,7.2,-179.5,96.7,4.9,1.4,73.3,11.2,-239.6,952.4
13:34:55,11,47.965340,0.048877,16819.4,10.4,7.1,-179.5,98.3,4.9,1.4,73.4,11.2,-239.8,951.7
13:35:15,10,47.964817,0.050563,16610.2,10.2,6.3,-179.5,101.4,4.9,1.4,74.2,11.1,-404.3,949.7
13:35:25,10,47.964642,0.051687,16505.7,10.1,6.7,-179.5,103.1,4.9,1.4,73.7,11.1,-406.7,948.6
13:35:45,11,47.964336,0.053202,16290.9,9.9,6.4,-179.5,106.6,4.9,1.4,74.2,11.1,-430.4,946.2
13:36:05,10,47.963657,0.054857,16088.5,9.8,6.2,-179.5,110.1,4.9,1.4,75.2,11.1,-414.6,943.7
13:36:15,11,47.963234,0.056168,15980.1,9.6,6.1,-179.5,112.0,4.9,1.4,75.4,11.1,-415.8,942.6
13:36:25,11,47.962906,0.057873,15876.9,9.5,6.0,-179.5,113.7,4.8,1.4,75.9,11.1,-416.3,941.4
13:36:45,10,47.962543,0.060573,15679.7,9.4,5.7,-179.5,117.4,4.8,1.4,75.3,11.1,-423.3,939.0
13:36:55,11,47.961784,0.061613,15594.0,9.2,5.6,-179.5,119.1,4.8,1.4,75.9,11.1,-418.3,937.8
13:37:05,11,47.961407,0.063253,15503.1,9.1,5.5,-179.5,120.8,4.9,1.4,76.2,11.2,-232.3,936.9
13:37:15,11,47.960991,0.064795,15410.8,9.1,4.8,-179.5,122.4,4.9,1.4,76.4,11.1,-304.6,936.2
13:37:25,11,47.960396,0.066578,15319.2,9.0,5.2,-179.5,124.4,4.9,1.4,76.9,11.2,-229.9,935.6
13:37:35,11,47.960110,0.067518,15231.2,8.9,5.1,-179.5,126.1,4.8,1.5,77.4,11.1,-304.7,934.8
13:37:45,11,47.959728,0.068623,15143.5,8.8,4.9,-179.5,127.9,4.8,1.5,77.4,11.2,-232.6,934.1
13:37:55,11,47.959457,0.070060,15056.8,8.6,4.8,-179.5,129.7,4.8,1.5,77.6,11.2,-233.6,933.5
13:38:05,11,47.959297,0.070747,14972.7,8.5,4.7,-179.5,131.4,4.8,1.5,77.9,11.2,-240.7,932.7
13:38:15,11,47.959148,0.071997,14885.2,8.5,4.0,-179.5,133.0,4.9,1.5,78.4,11.2,-232.2,932.0
13:38:25,11,47.958946,0.072937,14793.5,8.4,4.4,-179.5,135.1,4.8,1.5,78.9,11.2,-235.4,931.4
13:38:35,11,47.958565,0.073787,14704.8,8.2,4.2,-179.5,137.2,4.8,1.5,79.1,11.1,-305.0,930.7
13:38:35,11,47.958565,0.073787,14704.8,8.2,4.2,-179.5,137.3,4.8,1.5,79.2,11.2,-263.5,930.6
13:38:45,11,47.958019,0.074752,14616.1,8.1,4.1,-179.5,139.0,4.8,1.5,79.2,11.2,-288.1,930.0
13:38:55,11,47.957741,0.076350,14535.1,8.0,4.0,-179.5,140.8,4.7,1.5,79.4,11.2,-237.7,929.3
13:39:05,11,47.957302,0.077548,14453.6,7.9,3.8,-179.5,142.7,4.7,1.5,79.6,11.2,-231.6,928.6
13:39:15,11,47.956413,0.079208,14377.1,7.8,3.1,-179.5,144.2,4.8,1.5,79.9,11.2,-231.4,928.0
13:39:25,11,47.955463,0.080405,14300.3,7.6,3.5,-179.5,146.1,4.8,1.5,80.3,11.2,-233.6,927.3
13:39:35,11,47.955090,0.081292,14221.1,7.5,3.4,-179.5,148.0,4.8,1.5,80.9,11.2,-264.0,926.6
13:39:45,11,47.954487,0.082768,14127.7,7.4,3.2,-179.5,150.1,4.8,1.5,81.3,11.2,-235.3,925.8
13:39:55,11,47.954021,0.084037,14034.2,7.2,3.1,-179.5,152.3,4.8,1.5,81.6,11.2,-235.9,925.2
13:40:25,11,47.952381,0.087695,13790.0,6.9,2.7,-179.5,158.5,4.8,1.5,82.1,11.1,-427.7,921.8
13:40:55,11,47.950459,0.090902,13559.4,6.5,2.3,-179.5,164.1,4.8,1.6,82.8,11.1,-414.2,918.2
13:41:05,11,47.949310,0.092727,13488.4,6.4,2.2,-179.5,166.1,4.9,1.6,82.4,11.1,-409.6,917.1
13:41:55,11,47.944500,0.098132,13084.0,5.9,1.6,-179.5,176.9,4.9,1.5,82.1,11.1,-430.6,911.2
13:42:05,11,47.943584,0.099372,13000.0,5.8,1.4,-179.5,179.2,4.9,1.6,82.7,11.1,-229.8,910.2
13:42:15,11,47.943157,0.100972,12929.8,5.6,1.3,-179.5,181.3,5.0,1.6,83.0,11.1,-226.4,909.5
13:42:25,11,47.943146,0.101462,12862.4,5.5,1.2,-179.5,183.3,5.0,1.6,83.5,11.1,-231.1,908.9
13:42:35,11,47.942898,0.102603,12792.0,5.4,1.0,-179.5,185.3,5.0,1.6,83.5,11.1,-292.5,908.2
13:42:45,11,47.942513,0.102738,12722.3,5.2,0.9,-179.5,187.3,5.0,1.6,83.5,11.1,-233.0,907.4
13:42:55,11,47.942451,0.102477,12656.0,5.1,0.8,-179.5,189.3,5.0,1.6,83.3,11.1,-232.6,906.8
13:43:05,11,47.941948,0.102450,12581.3,5.0,0.7,-179.5,191.5,5.0,1.6,83.7,11.1,-230.8,906.1
13:43:15,11,47.941044,0.101912,12511.5,4.9,0.6,-151.5,193.7,5.0,1.6,84.1,11.1,-231.8,905.5
13:43:25,11,47.940334,0.101028,12443.3,4.8,0.4,-151.5,195.8,5.1,1.6,84.4,11.1,-249.8,904.8
13:43:35,10,47.939465,0.100152,12374.7,4.6,0.3,-151.5,197.9,5.1,1.6,84.6,11.1,-374.5,904.1
13:43:45,11,47.938320,0.099585,12307.3,4.5,0.2,-151.5,200.2,5.1,1.6,84.9,11.1,-229.1,903.3
13:43:55,11,47.937420,0.099183,12236.3,4.4,0.1,-151.5,202.3,5.1,1.6,84.7,11.1,-233.7,902.6
13:44:05,11,47.936604,0.098792,12163.3,4.2,-0.0,-151.5,204.7,5.1,1.6,85.1,11.1,-232.6,901.8
13:44:15,11,47.935879,0.098633,12091.5,4.2,-0.6,-151.5,206.8,5.1,1.6,85.1,11.1,-234.9,901.2
13:44:25,11,47.935120,0.098367,12021.3,4.1,-0.2,-151.5,209.3,5.1,1.6,85.6,11.1,-236.7,900.5
13:44:35,11,47.934582,0.097635,11952.1,4.0,-0.3,-151.5,211.5,5.0,1.6,85.4,11.1,-259.0,899.9
13:44:45,11,47.934055,0.097877,11883.9,3.9,-0.4,-151.5,213.7,5.0,1.6,85.5,11.1,-237.4,899.2
13:44:55,11,47.933853,0.098220,11817.9,3.8,-0.6,-151.5,216.0,5.0,1.6,85.8,11.1,-353.2,898.5
13:45:15,11,47.933212,0.098093,11670.5,3.5,-1.4,-151.5,220.6,5.1,1.6,86.2,11.1,-406.1,896.5
13:45:25,11,47.932812,0.097958,11610.7,3.4,-0.9,-151.5,222.8,5.1,1.6,86.0,11.1,-406.7,895.3
13:45:55,10,47.931637,0.098547,11418.4,3.0,-1.2,-151.5,229.6,5.1,1.6,86.4,11.1,-415.5,891.7
13:46:05,11,47.931309,0.098383,11348.2,3.0,-1.3,-151.5,232.0,5.1,1.6,86.2,11.1,-411.3,890.6
13:46:15,10,47.930908,0.098165,11280.8,2.9,-2.0,-151.5,234.3,5.2,1.6,85.8,11.1,-413.1,889.4
13:46:25,11,47.930523,0.097622,11217.1,2.8,-1.5,-151.5,236.8,5.2,1.6,85.8,11.0,-430.1,888.3
13:46:55,11,47.928902,0.095817,11030.9,2.4,-1.8,-151.5,243.6,5.2,1.6,85.1,11.0,-416.6,884.7
13:47:05,11,47.927982,0.095480,10969.4,2.4,-1.9,-151.5,245.8,5.2,1.6,85.1,11.1,-233.9,883.8
13:47:15,11,47.927124,0.095405,10908.1,2.2,-2.6,-151.5,247.9,5.3,1.6,84.9,11.1,-236.6,883.1
13:47:25,10,47.926212,0.094998,10846.8,2.1,-2.1,-151.5,250.3,5.2,1.6,84.9,11.1,-233.8,882.5
13:47:35,11,47.925625,0.094392,10772.8,2.0,-2.2,-151.5,253.0,5.2,1.6,85.1,11.1,-309.8,881.7
13:47:35,11,47.925625,0.094392,10772.8,2.0,-2.2,-151.5,253.3,5.2,1.6,85.2,11.1,-261.9,881.7
13:47:45,11,47.925030,0.093677,10704.4,1.9,-2.3,-151.5,255.7,5.2,1.6,85.0,11.1,-234.8,881.0
13:47:55,11,47.924297,0.092935,10640.1,1.9,-2.4,-151.5,258.1,5.2,1.6,84.6,11.1,-250.3,880.3
13:48:05,11,47.923428,0.092403,10571.5,1.8,-2.5,-151.5,260.8,5.2,1.6,84.6,11.1,-235.2,879.6
13:48:15,11,47.922665,0.091660,10508.8,1.6,-3.2,-151.5,263.0,5.2,1.6,84.3,11.1,-239.6,878.9
13:48:25,11,47.921936,0.090837,10447.4,1.5,-2.7,-151.5,265.7,5.2,1.6,84.0,11.1,-238.2,878.2
13:48:35,11,47.921192,0.090033,10385.7,1.4,-2.7,-151.5,268.2,5.2,1.6,83.6,11.1,-340.5,877.5
13:48:45,11,47.920536,0.089160,10322.1,1.2,-2.8,-151.5,270.7,5.2,1.6,83.1,11.1,-235.2,876.8
13:48:55,11,47.920013,0.088297,10253.0,1.2,-2.9,-195.0,273.4,5.2,1.6,82.8,11.1,-233.0,876.1
13:49:05,11,47.919537,0.087220,10181.3,1.1,-3.0,-195.0,276.3,5.1,1.6,82.5,11.1,-231.5,875.5
13:49:15,11,47.918995,0.086192,10110.8,1.0,-3.1,-195.0,279.4,5.1,1.5,82.2,11.1,-236.8,874.7
13:49:25,11,47.918797,0.085095,10049.6,0.9,-3.2,-195.0,281.9,5.1,1.5,81.8,11.1,-236.2,874.1
13:49:35,11,47.918346,0.084433,9978.5,0.8,-3.2,-195.0,284.9,5.2,1.5,81.8,11.1,-324.6,873.4
13:49:45,11,47.917961,0.083642,9908.1,0.8,-3.2,-195.0,287.7,5.2,1.5,81.2,11.1,-231.6,872.7
13:49:55,11,47.917404,0.082822,9853.3,0.6,-3.3,-195.0,290.0,5.2,1.5,80.6,11.1,-239.2,872.0
13:50:15,11,47.917011,0.081892,9736.1,0.5,-3.4,-195.0,294.9,5.2,1.5,79.8,11.0,-400.5,869.9
13:50:25,11,47.916546,0.081457,9682.3,0.4,-3.4,-195.0,297.3,5.2,1.5,79.5,11.0,-404.1,868.8
13:50:55,11,47.916313,0.080587,9519.9,0.2,-3.6,-195.0,304.3,5.3,1.5,79.5,11.0,-413.8,865.2
13:51:05,11,47.916420,0.080297,9465.2,0.1,-3.6,-195.0,306.8,5.4,1.5,79.2,11.0,-429.2,864.1
13:51:25,11,47.916386,0.080332,9352.1,0.0,-3.7,-195.0,311.6,5.4,1.5,77.8,11.0,-418.6,861.8
13:51:45,11,47.916283,0.080295,9239.6,-0.1,-3.7,-195.0,316.6,5.4,1.5,77.1,11.0,-423.4,859.3
13:52:05,11,47.915894,0.080168,9133.0,-0.2,-3.8,-195.0,321.6,5.5,1.4,76.4,11.0,-234.2,857.3
13:52:15,11,47.915710,0.079842,9078.2,-0.2,-4.4,-195.0,323.9,5.6,1.4,76.3,11.0,-237.7,856.6
13:52:25,10,47.915443,0.080182,9021.6,-0.2,-3.8,-195.0,326.8,5.5,1.4,75.5,11.1,-237.9,856.0
13:52:35,10,47.915417,0.080460,8964.6,-0.4,-3.8,-195.0,329.4,5.6,1.4,75.2,11.0,-329.2,855.2
13:52:45,10,47.915092,0.080557,8909.9,-0.4,-3.9,-195.0,332.1,5.6,1.4,74.7,11.0,-235.6,854.5
13:52:55,10,47.915070,0.080995,8851.4,-0.5,-3.9,-195.0,334.8,5.6,1.4,73.9,11.1,-237.8,853.8
13:53:05,10,47.915096,0.080912,8794.8,-0.5,-3.9,-195.0,337.5,5.7,1.4,73.6,11.1,-232.1,853.2
13:53:15,10,47.915070,0.081407,8738.9,-0.5,-4.5,-195.0,339.8,5.8,1.4,73.2,11.1,-232.6,852.5
13:53:25,10,47.914700,0.081453,8684.0,-0.6,-3.9,-195.0,342.9,5.8,1.4,73.1,11.1,-234.3,851.8
13:53:35,10,47.914722,0.081657,8626.5,-0.6,-3.9,-195.0,345.5,5.8,1.4,72.6,11.0,-338.2,851.1
13:53:45,10,47.914585,0.081793,8570.3,-0.6,-3.9,-195.0,348.4,5.9,1.4,72.1,11.0,-234.2,850.4
13:53:55,10,47.914738,0.082392,8513.7,-0.6,-3.9,-113.5,351.0,5.9,1.4,71.9,11.0,-233.7,849.7
13:54:05,10,47.914639,0.082650,8458.5,-0.8,-3.9,-113.5,353.8,5.9,1.3,71.3,11.0,-246.4,848.9
13:54:15,10,47.915157,0.082868,8402.8,-0.8,-4.5,-113.5,356.2,6.0,1.3,70.8,11.0,-235.1,848.2
13:54:25,10,47.915337,0.083125,8348.0,-0.8,-3.9,-113.5,359.4,6.0,1.3,69.9,11.0,-235.1,847.6
13:54:35,10,47.915962,0.083087,8294.3,-0.8,-3.9,-113.5,362.0,6.0,1.3,69.5,11.0,-263.0,846.9
13:54:45,10,47.916313,0.083272,8238.7,-0.9,-3.9,-113.5,364.8,6.1,1.3,69.5,11.0,-234.5,846.1
13:54:55,10,47.916817,0.083573,8183.8,-0.9,-3.9,-113.5,367.5,6.2,1.3,69.3,11.0,-237.0,845.5
13:55:15,10,47.917877,0.083773,8075.9,-0.9,-4.4,-113.5,372.5,6.3,1.3,68.5,11.0,-412.6,843.5
13:55:15,10,47.917877,0.083773,8075.9,-0.9,-3.8,-113.5,373.3,6.3,1.3,68.4,11.0,-407.7,843.3
13:55:25,10,47.918251,0.083912,8023.3,-0.9,-3.8,-113.5,375.7,6.3,1.3,67.7,11.0,-410.3,842.3
13:55:55,10,47.919712,0.084423,7865.6,-1.0,-3.8,-113.5,384.4,6.4,1.2,65.2,11.0,-418.9,838.6
13:56:05,10,47.920334,0.084505,7814.9,-1.0,-3.8,-113.5,386.9,6.5,1.2,64.0,11.0,-424.0,837.3
13:56:05,10,47.920334,0.084505,7814.9,-1.0,-3.7,-200.2,387.2,6.5,1.2,64.0,11.0,-415.8,837.2
13:56:15,9,47.920822,0.084563,7758.9,-1.0,-4.3,-200.2,389.4,6.6,1.2,63.7,11.0,-420.4,836.2
13:56:45,9,47.922379,0.085220,7596.0,-1.0,-3.6,-200.2,398.6,6.6,1.2,61.6,11.0,-421.1,832.5
13:56:55,9,47.922852,0.085485,7546.7,-1.0,-3.6,-200.2,401.4,6.7,1.2,61.0,11.0,-418.1,831.3
13:57:05,10,47.923592,0.086040,7493.2,-1.0,-3.6,-200.2,404.2,6.7,1.1,60.7,11.0,-239.0,830.4
13:57:15,10,47.924133,0.086155,7440.4,-0.9,-3.5,-200.2,407.1,6.7,1.1,60.3,11.0,-347.3,829.8
13:57:25,10,47.924534,0.086573,7390.4,-0.9,-3.5,-200.2,409.8,6.8,1.1,59.7,11.0,-233.9,829.1
13:57:45,10,47.925575,0.086997,7292.7,-0.9,-3.4,-200.2,415.5,6.9,1.1,58.8,11.0,-230.8,827.7
13:57:55,10,47.926189,0.087638,7242.5,-0.9,-3.3,-200.2,418.3,7.0,1.1,58.4,11.0,-229.2,827.0
13:58:05,10,47.926758,0.087720,7192.4,-0.9,-3.3,-200.2,421.2,7.0,1.1,57.7,11.0,-235.8,826.2
13:58:15,10,47.927269,0.088383,7141.3,-0.9,-3.3,-200.2,424.0,7.1,1.1,56.9,11.0,-233.7,825.6
13:58:25,10,47.927933,0.088767,7089.6,-0.9,-3.2,-106.2,426.9,7.1,1.1,56.8,11.0,-230.6,824.9
13:58:45,10,47.928951,0.089883,6987.0,-0.8,-3.1,-106.2,432.7,7.2,1.1,55.8,11.0,-248.3,823.5
13:58:55,10,47.929653,0.090028,6937.9,-0.8,-3.1,-106.2,435.5,7.3,1.1,55.7,11.0,-226.7,822.9
13:59:05,10,47.930107,0.090732,6889.4,-0.8,-3.0,-106.2,438.4,7.3,1.0,54.9,11.0,-230.3,822.2
13:59:15,10,47.930710,0.091050,6840.0,-0.8,-3.0,-106.2,441.3,7.4,1.0,54.4,11.0,-232.9,821.6
13:59:25,10,47.931099,0.091680,6790.2,-0.8,-2.9,-106.2,444.2,7.4,1.0,53.6,11.0,-227.7,820.9
13:59:35,10,47.931671,0.092327,6740.9,-0.6,-2.8,-106.2,447.2,7.5,1.0,52.7,11.0,-302.2,820.2
13:59:45,10,47.932335,0.092805,6691.4,-0.6,-2.8,-106.2,450.0,7.5,1.0,52.4,11.0,-236.5,819.5
13:59:55,10,47.932770,0.093243,6643.0,-0.6,-2.7,-106.2,452.9,7.6,1.0,51.8,11.0,-263.1,818.8
14:00:25,10,47.934502,0.094385,6494.7,-0.5,-2.5,-106.2,461.7,7.8,0.9,49.7,10.9,-416.0,815.5
14:00:55,10,47.936176,0.095435,6350.4,-0.4,-2.3,-106.2,470.8,7.9,0.9,48.0,10.9,-417.0,811.9
14:01:05,10,47.936806,0.095995,6303.8,-0.4,-2.2,-106.2,473.7,8.0,0.9,47.2,10.9,-416.3,810.7
14:01:25,9,47.937969,0.096692,6207.7,-0.2,-2.1,-106.2,479.5,8.1,0.9,46.2,10.9,-427.6,808.3
14:01:45,10,47.938976,0.097440,6115.7,-0.1,-1.9,-106.2,485.3,8.1,0.9,45.4,10.9,-440.0,805.9
14:02:05,10,47.939842,0.098373,6025.7,0.0,-1.8,-106.2,491.2,8.1,0.8,44.0,11.0,-236.5,803.8
14:02:15,10,47.940250,0.099105,5980.4,0.0,-2.3,-106.2,493.4,8.2,0.8,43.8,11.0,-238.3,803.1
14:02:25,10,47.940578,0.099263,5935.4,0.1,-1.6,-106.2,496.9,8.2,0.8,42.7,11.0,-237.7,802.4
14:02:35,10,47.941208,0.099692,5890.9,0.1,-1.5,-106.2,499.8,8.4,0.8,42.1,10.9,-395.4,801.7
14:02:45,10,47.941582,0.100435,5844.4,0.2,-1.5,-106.2,502.7,8.5,0.8,41.7,11.0,-237.7,801.0
14:02:55,10,47.941887,0.100640,5799.0,0.2,-1.4,-106.2,505.8,8.6,0.8,41.5,11.0,-236.5,800.3
14:03:05,10,47.942390,0.101347,5754.6,0.4,-1.3,-106.2,508.6,8.8,0.8,41.0,11.0,-235.2,799.6
14:03:15,10,47.942532,0.101990,5709.9,0.4,-1.8,-106.2,511.1,9.3,0.8,40.7,11.0,-266.9,799.0
14:03:25,10,47.942921,0.102210,5665.7,0.5,-1.1,-106.2,514.6,9.6,0.8,39.8,11.0,-237.9,798.3
14:03:35,10,47.943356,0.103055,5620.7,0.5,-1.0,-106.2,517.5,9.7,0.7,39.0,10.9,-338.1,797.6
14:03:35,10,47.943356,0.103055,5620.7,0.4,-1.0,-106.2,517.7,9.7,0.7,39.0,10.9,-312.6,797.5
14:03:45,10,47.943775,0.103992,5577.2,0.6,-0.9,-106.2,520.4,9.6,0.7,38.6,11.0,-237.7,796.9
14:03:55,10,47.944218,0.104693,5533.2,0.6,-0.9,-106.2,523.4,9.6,0.7,38.2,11.0,-239.4,796.2
14:04:05,10,47.944572,0.105440,5488.8,0.8,-0.7,-106.2,526.4,9.5,0.7,37.1,11.0,-239.9,795.4
14:04:15,10,47.944969,0.106020,5445.0,0.8,-1.2,-106.2,528.7,9.4,0.7,36.7,11.0,-237.9,794.7
14:04:25,10,47.945274,0.106833,5400.9,0.9,-0.6,-106.2,532.3,9.3,0.7,36.3,11.0,-237.2,794.1
14:04:35,10,47.945362,0.107782,5357.3,0.9,-0.5,-106.2,535.2,9.3,0.7,35.9,11.0,-263.0,793.3
14:04:45,10,47.945610,0.108680,5314.2,1.0,-0.4,-106.2,538.2,9.2,0.7,35.7,11.0,-253.9,792.6
14:04:55,10,47.945721,0.108925,5271.2,1.0,-0.3,-106.2,541.1,9.2,0.7,35.3,11.0,-241.7,792.0
14:06:25,10,47.944778,0.111280,4889.3,1.8,0.7,-106.2,568.3,8.9,0.6,30.0,10.9,-421.4,781.7
14:06:55,10,47.944263,0.111808,4760.5,2.0,1.0,-106.2,577.4,8.8,0.5,28.6,10.9,-420.7,778.0
14:07:05,10,47.944309,0.111738,4720.0,2.1,1.1,-148.0,580.4,8.8,0.5,28.0,10.9,-251.9,777.1
14:07:15,10,47.944378,0.111760,4677.5,2.2,0.6,-148.0,582.9,8.8,0.5,27.5,10.9,-239.7,776.4
14:07:25,10,47.944221,0.111880,4634.7,2.2,1.3,-148.0,586.6,8.8,0.5,27.0,10.9,-240.1,775.8
14:07:45,10,47.943729,0.112568,4550.6,2.5,1.5,-148.0,592.9,8.9,0.5,26.3,10.9,-238.3,774.3
14:07:55,10,47.943863,0.112952,4505.8,2.5,1.6,-148.0,596.3,8.9,0.5,25.8,10.9,-238.7,773.7
14:08:05,10,47.943756,0.112833,4462.2,2.6,1.7,-148.0,599.5,9.0,0.5,25.3,10.9,-232.3,772.9
14:08:15,10,47.943577,0.112783,4419.7,2.8,1.3,-148.0,602.1,9.1,0.5,24.9,10.9,-234.9,772.2
14:08:25,10,47.943314,0.112875,4376.6,2.9,2.0,-148.0,606.0,9.2,0.5,24.5,10.9,-236.3,771.6
14:08:35,10,47.943317,0.113458,4333.4,2.9,2.1,-148.0,609.3,9.3,0.5,24.4,10.9,-273.9,770.8
14:08:45,10,47.943089,0.113695,4288.6,3.0,2.2,-148.0,612.6,9.4,0.5,24.1,10.9,-237.1,770.1
14:08:55,10,47.943119,0.113965,4245.4,3.1,2.3,-148.0,615.9,9.4,0.4,23.7,10.9,-234.5,769.5
14:09:05,10,47.942787,0.114248,4202.6,3.2,2.4,-148.0,619.2,9.4,0.4,23.2,10.9,-238.7,768.8
14:09:15,10,47.942741,0.114502,4159.5,3.2,2.0,-148.0,621.9,9.5,0.4,23.0,10.9,-236.9,768.1
14:09:25,10,47.942356,0.114850,4117.6,3.4,2.6,-148.0,625.8,9.5,0.4,22.4,10.9,-236.1,767.5
14:09:45,10,47.941978,0.115363,4033.0,3.6,2.8,-148.0,632.3,9.5,0.4,21.7,10.9,-243.1,766.0
14:09:55,10,47.941784,0.115282,3990.7,3.8,3.0,-148.0,635.6,9.5,0.4,21.4,10.9,-241.6,765.3
14:10:05,10,47.941479,0.115747,3949.3,3.8,3.1,-148.0,639.0,9.5,0.4,20.9,10.8,-516.7,764.3
14:10:15,10,47.941471,0.115918,3912.4,3.9,2.6,-148.0,641.5,9.5,0.4,20.5,10.9,-414.6,763.1
14:10:25,7,47.941105,0.116013,3876.6,4.0,3.3,-148.0,645.4,9.5,0.4,20.1,10.9,-412.2,762.0
14:10:35,10,47.940838,0.116708,3836.1,4.1,3.4,-148.0,648.5,9.4,0.4,19.6,10.8,-493.0,760.8
14:10:45,10,47.940826,0.117078,3792.8,4.1,3.5,-148.0,652.1,9.4,0.4,19.1,10.8,-418.0,759.5
14:10:55,10,47.940323,0.117525,3752.0,4.2,3.6,-148.0,655.3,9.4,0.4,18.8,10.8,-418.0,758.3
14:11:05,9,47.939941,0.118435,3713.5,4.4,3.7,-148.0,658.6,9.4,0.3,18.5,10.8,-417.9,757.1
14:11:15,9,47.939743,0.119502,3673.6,4.5,3.8,-148.0,661.6,9.4,0.3,18.1,10.8,-417.8,756.0
14:11:25,10,47.939667,0.120578,3634.1,4.6,4.0,-148.0,664.9,9.5,0.3,18.2,10.8,-419.9,754.8
14:11:35,8,47.939548,0.121200,3594.3,4.6,4.1,-148.0,668.2,9.6,0.3,17.5,10.8,-497.1,753.6
14:11:45,10,47.938984,0.121778,3560.5,4.8,4.2,-148.0,671.4,9.6,0.3,17.1,10.8,-434.7,752.4
14:11:55,10,47.938492,0.122533,3517.4,4.9,4.3,-148.0,674.7,9.6,0.3,17.1,10.8,-418.1,751.2
14:12:05,10,47.938320,0.123197,3473.2,5.0,4.4,-148.0,677.9,9.7,0.3,16.6,10.9,-235.5,750.2
14:12:15,10,47.938091,0.123297,3433.2,5.1,3.9,-148.0,680.4,9.8,0.3,16.4,10.9,-232.8,749.6
14:12:25,10,47.937614,0.123760,3395.4,5.2,4.7,-148.0,684.3,9.7,0.3,16.2,10.9,-238.9,748.9
14:12:35,10,47.937164,0.124113,3358.6,5.4,4.8,-148.0,687.5,9.9,0.3,15.5,10.9,-308.0,748.2
14:12:45,10,47.936897,0.124343,3321.4,5.4,4.9,-148.0,690.6,10.2,0.3,15.3,10.9,-234.5,747.5
14:12:55,10,47.936764,0.124832,3282.0,5.5,5.0,-148.0,694.0,10.4,0.3,15.1,10.9,-233.8,746.8
14:13:05,10,47.936581,0.125762,3243.1,5.6,5.1,-148.0,697.2,10.8,0.3,14.8,10.9,-235.6,746.1
14:13:15,10,47.936440,0.126283,3203.9,5.8,5.2,-148.0,700.6,10.9,0.3,14.5,10.9,-247.9,745.5
14:13:25,10,47.936283,0.126700,3164.4,5.9,5.4,-148.0,703.9,11.1,0.3,14.4,10.9,-236.2,744.8
14:13:35,10,47.936043,0.127528,3125.9,6.0,5.5,-148.0,707.3,11.2,0.3,14.0,10.9,-260.5,744.1
14:13:45,10,47.935658,0.128342,3084.3,6.0,5.6,-148.0,710.7,11.3,0.3,13.9,10.9,-239.2,743.3
14:13:55,10,47.935043,0.128553,3044.0,6.1,5.7,-148.0,714.0,11.4,0.3,13.7,10.9,-238.7,742.7
14:14:05,10,47.934486,0.128613,3004.8,6.2,5.8,-148.0,717.4,11.5,0.2,13.0,10.9,-238.7,741.9
14:14:15,10,47.934170,0.128588,2965.9,6.4,5.9,-148.0,720.9,11.4,0.2,13.0,10.9,-241.4,741.2
14:14:25,10,47.934013,0.128615,2927.7,6.5,6.1,-148.0,724.3,11.3,0.2,12.8,10.9,-235.8,740.6
14:14:35,10,47.933853,0.128573,2890.0,6.6,6.2,-148.0,727.6,11.3,0.2,12.2,10.8,-385.5,739.8
14:14:45,10,47.933773,0.128677,2852.1,6.6,6.3,-148.0,731.0,11.1,0.2,12.2,10.9,-252.6,739.0
14:14:55,10,47.933662,0.129405,2812.5,6.8,6.4,-148.0,734.5,11.1,0.2,12.0,10.9,-258.8,738.4
14:15:05,7,47.933182,0.129877,2773.1,6.9,6.5,-148.0,738.2,11.2,0.2,11.6,10.8,-413.7,737.5
14:15:15,10,47.933048,0.130043,2737.8,7.0,6.1,-148.0,741.1,11.5,0.2,11.4,10.8,-413.6,736.4
14:15:25,10,47.932884,0.130700,2696.8,7.1,6.8,-148.0,745.7,11.6,0.2,11.0,10.8,-411.7,735.2
14:15:35,8,47.932461,0.131035,2656.3,7.2,6.9,-148.0,749.3,11.7,0.2,10.8,10.8,-505.2,734.1
14:15:45,10,47.932392,0.131383,2616.7,7.4,7.0,-148.0,753.0,12.0,0.2,10.6,10.8,-416.7,732.8
14:15:55,10,47.931969,0.131755,2576.8,7.4,7.2,-148.0,756.7,12.2,0.2,10.3,10.8,-419.0,731.6
14:16:05,10,47.931759,0.131855,2533.5,7.5,7.3,-148.0,760.5,12.5,0.2,10.2,10.8,-417.4,730.3
14:16:15,9,47.931431,0.132533,2487.9,7.6,6.8,-148.0,763.6,13.0,0.2,10.1,10.8,-436.8,729.2
14:16:25,10,47.931179,0.132850,2448.8,7.8,7.5,-148.0,768.3,13.7,0.2,10.0,10.8,-421.6,728.0
14:16:35,10,47.931030,0.133570,2407.8,7.9,7.7,-148.0,772.1,14.0,0.2,9.9,10.8,-491.8,726.8
14:16:45,10,47.930752,0.134247,2373.6,8.0,7.8,-148.0,775.7,14.4,0.2,9.9,10.8,-428.0,725.5
14:16:55,10,47.930374,0.134330,2330.3,8.1,7.9,-148.0,779.4,15.2,0.2,9.6,10.8,-422.9,724.4
14:17:05,10,47.930298,0.134375,2285.3,8.2,8.0,-148.0,783.0,15.7,0.2,9.3,10.8,-234.3,723.5
14:17:15,10,47.930157,0.134828,2246.9,8.4,7.5,-148.0,785.7,16.0,0.2,9.3,10.8,-240.8,722.8
14:17:25,10,47.929829,0.135245,2209.7,8.4,8.2,-148.0,789.9,16.4,0.2,9.0,10.8,-240.6,722.1
14:17:35,10,47.929424,0.135333,2175.2,8.5,8.3,-148.0,793.4,16.6,0.2,8.8,10.8,-335.6,721.3
14:17:45,10,47.929409,0.135160,2140.0,8.6,8.4,-148.0,796.7,17.1,0.2,8.7,10.8,-262.6,720.6
14:17:55,10,47.929276,0.135435,2106.4,8.8,8.6,-148.0,799.9,17.1,0.2,8.6,10.8,-241.0,720.0
14:18:05,10,47.928902,0.135373,2073.1,8.9,8.7,-148.0,803.1,17.2,0.2,8.1,10.8,-241.3,719.2
14:18:15,10,47.928802,0.135152,2038.7,9.0,8.2,-148.0,805.6,17.5,0.1,7.9,10.8,-239.8,718.5
14:18:25,10,47.928562,0.135263,2003.2,9.1,8.9,-148.0,809.9,19.4,0.1,7.5,10.8,-240.3,717.8
14:18:35,10,47.928322,0.134833,1968.0,9.2,9.0,-148.0,813.5,20.9,0.1,7.4,10.8,-308.7,717.1
14:18:45,10,47.928249,0.134803,1934.5,9.2,9.1,-148.0,816.7,23.9,0.1,7.4,10.8,-238.5,716.3
14:18:55,10,47.927929,0.134528,1896.8,9.4,9.2,-148.0,820.3,25.6,0.1,7.2,10.8,-236.4,715.7
14:19:05,10,47.927956,0.134183,1857.1,9.5,9.4,-148.0,824.3,28.0,0.1,7.2,10.8,-240.4,715.0
14:19:15,10,47.927696,0.133950,1812.4,9.6,8.9,-148.0,827.8,31.4,0.1,7.2,10.8,-256.3,714.3
14:19:25,10,47.927685,0.133478,1765.8,9.8,9.6,-148.0,833.2,31.8,0.1,7.3,10.8,-236.4,713.6
14:19:35,10,47.927567,0.133402,1718.4,9.9,9.7,-148.0,838.0,34.5,0.1,7.2,10.8,-270.6,712.9
14:19:45,10,47.927307,0.133193,1669.5,10.0,9.9,-148.0,843.2,37.1,0.1,7.0,10.8,-239.0,712.1
14:19:55,10,47.927338,0.132767,1622.1,10.1,10.0,-148.0,847.9,38.4,0.1,6.9,10.8,-252.8,711.5
14:20:05,10,47.927113,0.132460,1576.7,10.2,10.1,-148.0,852.5,37.0,0.1,6.5,10.8,-413.9,710.6
14:20:15,10,47.927052,0.132165,1533.9,10.4,10.2,-148.0,858.4,40.1,0.1,6.2,10.8,-415.9,709.3
14:20:25,10,47.927006,0.132362,1486.6,10.4,10.3,-148.0,863.8,40.6,0.1,6.2,10.8,-417.7,708.1
14:20:35,10,47.926727,0.132448,1424.5,10.5,10.4,-148.0,869.4,42.0,0.1,6.1,10.7,-518.8,706.9
14:20:45,10,47.926537,0.132198,1379.5,10.6,10.6,-148.0,874.2,43.7,0.1,5.9,10.8,-418.3,705.7
14:20:55,10,47.926525,0.132277,1325.7,10.8,10.7,-148.0,879.1,44.8,0.1,5.9,10.8,-428.4,704.6
14:21:05,10,47.926247,0.132440,1275.8,10.9,10.8,-148.0,884.1,45.8,0.1,5.8,10.7,-415.8,703.4
14:21:15,10,47.926113,0.132157,1228.6,11.0,10.9,-148.0,889.1,45.8,0.1,5.8,10.7,-414.2,702.2
14:21:25,10,47.926147,0.132348,1178.6,11.1,11.0,-148.0,894.3,46.9,0.1,5.7,10.7,-418.2,701.1
14:21:35,10,47.926083,0.132633,1126.4,11.2,11.1,-148.0,899.8,47.7,0.1,5.5,10.7,-493.7,699.9
14:21:45,10,47.925884,0.132602,1069.0,11.2,11.2,-148.0,905.8,49.1,0.1,5.4,10.7,-418.5,698.7
14:21:55,10,47.925972,0.132365,1021.4,11.4,11.3,-148.0,910.8,49.6,0.1,5.4,10.7,-415.0,697.5
14:22:05,10,47.925838,0.132410,972.3,11.5,11.4,-148.0,916.1,51.4,0.1,5.3,10.8,-239.3,696.5
14:22:15,10,47.925880,0.131962,923.2,11.6,11.0,-148.0,920.2,51.5,0.1,5.2,10.8,-233.7,695.8
14:22:25,10,47.925907,0.131805,880.6,11.8,11.6,-148.0,925.7,51.9,0.1,5.2,10.8,-250.7,695.1
14:22:35,10,47.925632,0.131600,838.1,11.9,11.8,-148.0,930.4,53.0,0.1,5.1,10.8,-374.7,694.4
14:22:45,10,47.925617,0.131122,794.6,12.0,11.9,-148.0,935.2,53.8,0.1,5.0,10.8,-237.9,693.7
14:22:55,10,47.925503,0.131127,750.5,12.1,12.0,-148.0,939.7,55.0,0.1,5.0,10.8,-246.4,693.0
14:23:05,10,47.925274,0.130937,705.6,12.2,12.1,-148.0,944.7,55.3,0.1,4.9,10.8,-239.2,692.4
14:23:15,10,47.925179,0.130372,668.4,12.2,12.2,-148.0,948.6,54.9,0.1,4.8,10.8,-240.2,691.7
14:23:25,10,47.924984,0.129900,634.1,12.4,12.4,-148.0,952.5,55.4,0.1,4.9,10.8,-242.4,691.0
14:23:35,10,47.924679,0.129500,606.3,12.5,12.5,-148.0,955.7,55.8,0.1,4.8,10.8,-340.2,690.3
14:23:45,10,47.924606,0.129455,577.4,12.6,12.6,-148.0,958.8,56.6,0.1,4.8,10.8,-236.1,689.5
14:23:55,10,47.924240,0.129597,549.4,12.8,12.7,-148.0,962.0,56.2,0.1,4.8,10.8,-256.2,688.9
14:24:05,10,47.923729,0.129493,517.7,12.9,12.8,-148.0,965.4,56.9,0.1,4.6,10.8,-242.2,688.1
14:24:15,10,47.923580,0.129290,492.0,13.0,12.9,-148.0,968.3,56.1,0.1,4.4,10.8,-242.0,687.4
14:24:25,10,47.923191,0.128938,459.8,13.1,13.0,-148.0,972.0,56.8,0.1,4.4,10.8,-238.2,686.7
14:24:35,10,47.922691,0.128663,425.0,13.1,13.1,-148.0,976.0,57.3,0.1,4.4,10.8,-311.1,686.0
14:24:45,10,47.922318,0.128340,380.3,13.2,13.3,-148.0,980.8,58.1,0.1,4.6,10.8,-238.0,685.3
14:24:55,10,47.922241,0.127877,336.1,13.4,13.4,-148.0,985.7,58.6,0.1,4.4,10.8,-246.3,684.6
14:25:05,10,47.922211,0.127330,306.3,13.5,13.5,-148.0,989.2,59.1,0.1,4.4,10.7,-407.7,683.8
14:25:15,10,47.922226,0.126942,281.4,13.6,13.1,-148.0,992.0,59.3,0.1,4.5,10.7,-413.6,682.6
14:25:25,10,47.922157,0.126927,247.1,13.8,13.8,-148.0,997.1,60.3,0.1,4.5,10.7,-432.1,681.5
14:25:35,9,47.921944,0.126805,208.3,13.9,13.9,-148.0,1001.0,59.7,0.1,4.4,10.7,-487.1,680.3
14:25:45,10,47.921677,0.126675,180.3,14.0,14.0,-148.0,1004.2,60.0,0.1,4.4,10.7,-418.3,679.0
14:25:55,10,47.921284,0.126325,153.3,14.0,14.1,-148.0,1007.7,60.4,0.1,4.3,10.7,-414.3,677.9
14:26:05,10,47.921150,0.125738,112.3,14.1,14.2,-148.0,1012.4,60.8,0.1,4.3,10.7,-417.1,676.6
14:26:15,10,47.921185,0.125397,59.1,14.2,13.8,-148.0,1017.3,61.5,0.1,4.3,10.7,-415.2,675.4
14:26:25,6,47.921227,0.125415,26.9,14.4,14.5,-148.0,1019.6,61.7,0.1,4.3,10.7,-414.6,674.2
14:26:35,7,47.921234,0.125432,23.2,14.5,14.6,-148.0,1019.6,61.2,0.1,4.2,10.7,-451.7,673.0
14:26:45,7,47.921246,0.125435,24.1,14.6,14.7,-148.0,1019.6,61.0,0.1,4.2,10.7,-428.4,671.7
14:26:55,7,47.921238,0.125442,25.3,14.8,14.8,-148.0,1019.6,60.6,0.1,4.2,10.7,-435.7,670.5
14:27:05,10,47.921204,0.125423,29.8,14.9,14.9,-148.0,1019.6,60.1,0.1,4.2,10.7,-245.3,669.6
14:27:15,10,47.921204,0.125423,29.9,15.0,14.7,-148.0,1019.2,59.5,0.1,4.2,10.7,-240.7,669.0
14:27:25,10,47.921204,0.125423,30.0,15.1,15.1,-148.0,1019.6,58.8,0.1,4.2,10.7,-247.0,668.3
14:27:35,6,47.921204,0.125417,30.8,15.2,15.2,-148.0,1019.6,58.2,0.1,4.1,10.7,-293.1,667.5
14:27:45,10,47.921181,0.125397,33.0,15.2,15.3,-148.0,1019.6,57.6,0.1,4.1,10.7,-241.4,666.8
14:27:55,10,47.921181,0.125397,33.3,15.4,15.4,-148.0,1019.6,57.0,0.1,4.1,10.7,-239.3,666.1
14:28:05,10,47.921181,0.125395,33.5,15.5,15.5,-148.0,1019.6,56.4,0.1,4.1,10.7,-238.3,665.3
14:28:15,10,47.921185,0.125387,36.0,15.6,15.3,-148.0,1019.2,55.8,0.1,4.1,10.7,-243.3,664.6
14:28:25,10,47.921185,0.125387,36.2,15.8,15.7,-148.0,1019.6,55.4,0.1,4.1,10.7,-261.4,664.0
14:28:35,7,47.921196,0.125377,36.1,15.9,15.8,-148.0,1019.6,54.9,0.1,4.0,10.7,-285.7,663.2
14:28:45,10,47.921177,0.125393,36.8,16.0,15.9,-148.0,1019.7,54.4,0.1,4.0,10.7,-244.9,662.5
14:28:55,10,47.921177,0.125393,36.9,16.0,16.0,-148.0,1019.6,53.9,0.1,4.1,10.7,-239.7,661.8
14:29:05,10,47.921177,0.125392,37.0,16.1,16.1,-148.0,1019.6,53.5,0.1,4.1,10.7,-242.5,661.1
14:29:15,9,47.921177,0.125393,37.0,16.2,15.9,-148.0,1019.2,53.0,0.1,4.2,10.7,-245.8,660.4
14:29:25,9,47.921177,0.125393,37.1,16.4,16.4,-148.0,1019.6,52.6,0.1,4.2,10.7,-243.7,659.7
14:29:35,8,47.921181,0.125410,37.8,16.5,16.5,-148.0,1019.6,52.2,0.1,4.1,10.7,-407.2,659.0
14:29:45,9,47.921185,0.125412,37.8,16.6,16.6,-148.0,1019.5,51.7,0.1,4.2,10.7,-244.1,658.2
14:29:55,9,47.921185,0.125412,37.9,16.8,16.7,-148.0,1019.6,51.3,0.1,4.3,10.7,-256.2,657.5
14:30:05,9,47.921181,0.125418,38.3,16.8,16.8,-148.0,1019.6,51.0,0.1,4.4,10.7,-409.1,656.6
14:30:15,7,47.921162,0.125433,39.1,16.9,16.9,-148.0,1019.6,50.5,0.1,4.5,10.7,-409.3,655.3
14:30:25,6,47.921173,0.125403,40.2,17.0,17.0,-148.0,1019.5,50.1,0.1,4.5,10.7,-413.9,654.2
14:30:35,5,47.921177,0.125413,41.2,17.1,17.1,-148.0,1019.6,49.8,0.1,4.5,10.6,-489.1,652.9
14:30:45,5,47.921097,0.125427,40.8,17.2,17.3,-148.0,1019.6,49.4,0.1,4.6,10.7,-408.8,651.7
14:30:55,6,47.921131,0.125402,39.3,17.4,17.4,-148.0,1019.6,49.0,0.1,4.6,10.7,-414.5,650.6
14:31:05,6,47.921162,0.125427,39.4,17.5,17.5,-148.0,1019.6,48.7,0.1,4.5,10.6,-411.4,649.4
14:31:15,6,47.921207,0.125425,39.3,17.6,17.6,-148.0,1019.6,48.3,0.1,4.5,10.6,-412.1,648.3
14:31:25,6,47.921204,0.125433,39.9,17.8,17.7,-148.0,1019.6,48.0,0.1,4.6,10.6,-415.0,647.1
14:31:35,5,47.921219,0.125417,40.6,17.9,17.8,-148.0,1019.6,47.6,0.1,4.6,10.6,-515.2,645.9
14:31:45,4,47.921242,0.125457,40.3,17.9,18.0,-148.0,1019.6,47.3,0.1,4.6,10.6,-420.9,644.7
14:31:55,5,47.921265,0.125508,40.3,18.0,18.1,-148.0,1019.6,47.0,0.1,4.5,10.6,-418.0,643.5
14:32:05,8,47.921173,0.125472,40.1,18.1,18.2,-148.0,1019.5,46.7,0.1,4.5,10.7,-244.3,642.5
14:32:15,9,47.921169,0.125470,40.1,18.2,18.0,-148.0,1019.1,46.4,0.1,4.5,10.7,-239.2,641.8
14:32:25,10,47.921169,0.125468,40.1,18.4,18.4,-148.0,1019.6,46.1,0.1,4.6,10.7,-240.7,641.2
14:32:35,8,47.921139,0.125440,42.2,18.5,18.5,-148.0,1019.6,45.8,0.1,4.6,10.7,-343.8,640.4
14:32:45,10,47.921139,0.125418,45.1,18.6,18.6,-148.0,1019.6,45.5,0.1,4.7,10.7,-247.6,639.7
14:32:55,10,47.921139,0.125418,45.1,18.8,18.8,-148.0,1019.6,45.2,0.1,4.8,10.7,-245.7,639.0
14:33:05,10,47.921165,0.125422,45.1,18.9,18.9,-148.0,1019.6,44.9,0.1,4.8,10.7,-262.9,638.3
14:33:15,10,47.921173,0.125353,48.5,18.9,18.5,-148.0,1018.6,44.6,0.1,4.8,10.7,-240.4,637.6
14:33:25,10,47.921181,0.125283,50.0,19.0,19.1,-148.0,1019.5,44.3,0.1,4.7,10.7,-247.6,637.0
14:33:35,9,47.921200,0.125217,49.2,19.1,19.3,-148.0,1019.5,44.0,0.1,4.7,10.7,-327.9,636.2
14:33:45,10,47.921230,0.125150,46.8,19.2,19.4,-148.0,1019.5,43.8,0.1,4.7,10.7,-246.8,635.4
14:33:55,10,47.921253,0.125083,44.6,19.4,19.5,-148.0,1019.6,43.5,0.1,4.8,10.7,-244.0,634.7
14:34:05,10,47.921261,0.125027,44.7,19.5,19.6,-148.0,1019.5,43.3,0.1,4.8,10.7,-245.9,633.9
14:34:15,10,47.921261,0.124977,44.5,19.6,19.8,-148.0,1019.6,43.1,0.1,4.9,10.7,-245.3,633.2
14:34:25,10,47.921303,0.124933,44.9,19.8,19.9,-148.0,1019.5,42.8,0.1,4.9,10.7,-249.8,632.5
14:34:35,9,47.921322,0.124875,45.1,19.8,20.0,-148.0,1019.4,42.6,0.1,5.0,10.7,-373.1,631.7
14:34:45,10,47.921326,0.124850,44.6,19.9,20.1,-148.0,1019.5,42.3,0.1,5.0,10.7,-248.7,631.0
14:34:55,9,47.921326,0.124832,45.3,20.0,20.2,-148.0,1019.4,42.1,0.1,4.7,10.7,-267.8,630.3
14:35:05,10,47.921329,0.124798,44.6,20.1,20.3,-148.0,1019.5,41.9,0.1,4.7,10.6,-407.0,629.4
14:35:15,8,47.921322,0.124812,44.9,20.2,20.2,-148.0,1019.0,41.7,0.1,4.7,10.6,-409.5,628.3
14:35:25,9,47.921326,0.124785,44.9,20.4,20.5,-148.0,1019.5,41.4,0.1,4.8,10.6,-408.6,627.1
14:35:35,8,47.921299,0.124807,44.9,20.5,20.6,-148.0,1019.5,41.2,0.1,4.9,10.6,-577.1,625.9
14:35:45,10,47.921318,0.124778,46.0,20.5,20.8,-148.0,1019.4,41.1,0.1,4.8,10.6,-411.6,624.6
14:35:55,9,47.921345,0.124743,48.7,20.6,20.9,-148.0,1019.5,41.0,0.1,5.0,10.6,-417.8,623.5
14:36:05,9,47.921352,0.124758,49.9,20.8,21.0,-148.0,1019.5,40.8,0.1,4.9,10.6,-479.9,622.2
14:36:15,9,47.921368,0.124765,50.1,20.9,20.7,-148.0,1018.9,40.7,0.1,4.9,10.6,-418.4,621.0
14:36:25,9,47.921364,0.124740,51.1,21.0,21.1,-148.0,1019.5,40.5,0.1,4.8,10.6,-418.0,619.9
14:36:35,8,47.921341,0.124780,51.6,21.1,21.3,-148.0,1019.6,40.3,0.1,4.8,10.6,-570.8,618.7
14:36:45,9,47.921322,0.124735,50.0,21.1,21.4,-148.0,1019.4,40.1,0.1,4.8,10.6,-416.5,617.4
14:36:55,9,47.921364,0.124710,48.2,21.2,21.5,-148.0,1019.4,39.9,0.1,4.8,10.6,-416.2,616.2
14:37:05,10,47.921352,0.124752,48.2,21.4,21.7,-148.0,1019.6,39.9,0.1,4.8,10.7,-253.1,615.3
14:37:15,10,47.921349,0.124717,46.7,21.5,21.3,-148.0,1018.7,39.7,0.1,4.9,10.7,-242.6,614.6
14:37:25,10,47.921310,0.124620,47.6,21.6,21.9,-148.0,1019.5,39.5,0.1,4.9,10.7,-247.1,613.9
14:37:35,9,47.921310,0.124617,47.1,21.8,22.0,-148.0,1019.5,39.3,0.1,4.8,10.6,-423.7,613.1
14:37:45,10,47.921303,0.124618,46.7,21.9,22.0,-148.0,1019.6,39.2,0.1,4.8,10.7,-246.9,612.4
14:37:55,10,47.921303,0.124618,46.7,21.9,22.1,-148.0,1019.5,39.0,0.1,4.9,10.7,-250.0,611.7
14:38:05,9,47.921303,0.124620,46.8,22.0,22.2,-148.0,1019.5,38.8,0.1,4.9,10.7,-248.9,610.8
14:38:15,10,47.921303,0.124620,46.7,22.1,22.0,-148.0,1019.1,38.6,0.1,4.9,10.7,-248.0,610.1
14:38:25,10,47.921291,0.124632,46.6,22.2,22.4,-148.0,1019.6,38.5,0.1,4.8,10.7,-243.6,609.5
14:38:35,7,47.921288,0.124632,46.5,22.6,23.1,-148.0,1019.5,47.3,0.1,4.8,10.6,-307.9,608.7
14:38:45,9,47.921288,0.124632,46.5,22.9,23.7,-148.0,1019.6,48.9,0.1,4.8,10.7,-245.4,607.9
14:38:55,10,47.921291,0.124627,46.5,23.1,24.2,-148.0,1019.6,50.1,0.1,4.7,10.7,-248.7,607.2
14:39:05,10,47.921295,0.124623,46.8,23.6,24.8,-148.0,1019.6,48.8,0.1,4.5,10.7,-262.2,606.5
14:39:15,10,47.921299,0.124622,47.1,23.9,25.1,-148.0,1019.6,48.0,0.1,4.5,10.7,-185.5,606.0
