Date time,Température_BME,Température_LM,Température_MPU,Pression,Humidité,Accélération Z
2024-05-31 10:28:00,23.20,23.00,23.59,1012.87,47.40,1.13
2024-05-31 10:28:10,23.23,23.00,22.98,1012.84,47.63,1.14
2024-05-31 12:20:10,23.25,23.12,23.97,1012.81,48.85,1.14
2024-05-31 12:20:20,23.26,23.12,23.97,1012.85,47.49,1.14
2024-05-31 12:20:30,23.30,23.25,24.11,1012.88,47.61,1.14
2024-05-31 12:20:40,23.33,23.38,24.20,1012.88,47.95,1.13
2024-05-31 12:20:50,23.37,23.50,24.25,1012.87,47.97,1.15
2024-05-31 12:21:00,23.40,23.62,24.29,1012.92,47.95,1.13
2024-05-31 12:21:10,23.46,23.62,24.34,1012.95,47.89,1.15
2024-05-31 12:21:20,23.48,23.75,25.19,1012.92,47.97,1.13
2024-05-31 12:21:30,23.53,23.88,23.78,1012.99,47.88,1.13
2024-05-31 12:21:40,23.58,24.00,24.48,1012.95,47.58,1.13
2024-05-31 12:21:50,23.63,24.12,24.58,1012.98,47.21,1.14
2024-05-31 12:22:00,23.68,24.25,24.62,1012.96,47.04,1.13
2024-05-31 12:22:10,23.74,24.38,24.72,1012.95,47.51,1.13
2024-05-31 12:22:20,23.80,24.50,24.81,1013.00,47.38,1.14
2024-05-31 12:22:30,23.86,24.62,24.77,1012.98,46.96,1.14
2024-05-31 12:22:40,23.93,24.75,24.86,1012.93,47.71,1.14
2024-05-31 12:22:50,23.99,24.88,24.95,1012.93,46.66,1.13
2024-05-31 12:23:00,24.06,25.00,24.91,1012.94,46.89,1.13
2024-05-31 12:23:10,24.12,25.12,25.14,1012.91,46.78,1.13
2024-05-31 12:23:20,24.20,25.25,25.09,1012.91,47.07,1.13
2024-05-31 12:23:30,24.26,25.38,25.14,1012.95,47.04,1.13
2024-05-31 12:23:40,24.33,25.50,25.33,1012.91,46.35,1.11
2024-05-31 12:23:50,24.42,25.62,25.28,1012.92,46.19,1.13
2024-05-31 12:24:00,24.49,25.75,25.33,1012.93,46.71,1.13
2024-05-31 12:24:10,24.57,25.88,25.33,1012.94,45.80,1.13
2024-05-31 12:24:20,24.63,26.00,25.57,1012.90,45.66,1.11
2024-05-31 12:24:30,24.70,26.12,25.47,1012.92,45.52,1.13
2024-05-31 12:24:40,24.79,26.25,25.61,1012.90,45.06,1.13
2024-05-31 12:24:50,24.86,26.25,25.71,1012.91,45.54,1.14
2024-05-31 12:25:00,24.93,26.38,25.80,1012.89,45.11,1.12
2024-05-31 12:25:10,25.00,26.50,25.89,1012.90,45.08,1.13
2024-05-31 12:25:20,25.09,26.62,25.94,1012.84,44.92,1.13
2024-05-31 12:25:30,25.17,26.75,25.24,1012.91,44.53,1.13
2024-05-31 12:25:40,25.24,27.00,26.04,1012.88,44.26,1.13
2024-05-31 12:25:50,25.32,27.25,26.13,1012.92,44.64,1.11
2024-05-31 12:26:00,25.42,27.50,26.22,1013.00,44.54,1.12
2024-05-31 12:26:10,25.51,27.75,26.37,1013.03,44.44,1.13
2024-05-31 12:26:20,25.61,28.12,26.37,1012.97,43.81,1.13
2024-05-31 12:26:30,25.73,28.38,26.51,1012.96,43.24,1.13
2024-05-31 12:26:40,25.84,28.62,26.60,1012.96,44.60,1.13
2024-05-31 12:26:50,25.96,28.88,26.60,1013.02,44.62,1.13
2024-05-31 12:27:00,26.08,29.25,26.74,1012.98,43.35,1.13
2024-05-31 12:27:10,26.21,29.38,26.93,1012.99,42.52,1.12
2024-05-31 12:27:20,26.34,29.62,27.12,1012.96,42.93,1.13
2024-05-31 12:27:30,26.48,29.75,27.12,1013.00,41.80,1.13
2024-05-31 12:27:40,26.62,29.75,27.31,1012.91,41.60,1.12
2024-05-31 12:27:50,26.76,29.75,26.74,1012.93,42.61,1.13
2024-05-31 12:28:00,26.88,29.88,27.59,1012.95,41.77,1.12
2024-05-31 12:28:10,27.01,29.88,27.68,1012.94,41.13,1.12
2024-05-31 12:28:20,27.13,29.88,27.78,1012.90,40.91,1.14
2024-05-31 12:28:30,27.23,30.00,27.92,1012.93,40.94,1.14
2024-05-31 12:28:40,27.34,30.00,27.97,1012.85,40.34,1.12
2024-05-31 12:28:50,27.44,30.00,28.15,1012.92,41.01,1.12
2024-05-31 12:29:00,27.54,30.00,27.49,1012.99,40.18,1.13
2024-05-31 12:29:10,27.62,30.12,28.34,1012.90,39.65,1.12
2024-05-31 12:29:20,27.70,30.12,28.39,1012.99,39.99,1.11
2024-05-31 12:29:30,27.79,30.12,28.48,1012.94,39.16,1.12
2024-05-31 12:29:40,27.87,30.25,28.58,1012.94,39.40,1.11
2024-05-31 12:29:50,27.95,30.25,28.53,1012.97,39.31,1.12
2024-05-31 12:30:00,28.02,30.25,28.62,1012.92,39.39,1.12
2024-05-31 12:30:10,28.10,30.25,28.77,1012.91,38.96,1.11
2024-05-31 12:30:20,28.16,30.38,28.81,1012.86,39.29,1.11
2024-05-31 12:30:30,28.24,30.50,28.81,1012.88,38.90,1.12
2024-05-31 12:30:40,28.31,30.75,28.91,1012.92,38.96,1.12
2024-05-31 12:30:50,28.38,30.88,29.00,1012.91,38.72,1.12
2024-05-31 12:31:00,28.47,31.12,29.05,1012.97,38.50,1.11
2024-05-31 12:31:10,28.54,31.38,29.19,1012.86,38.19,1.11
2024-05-31 12:31:20,28.62,31.50,29.24,1012.90,38.62,1.12
2024-05-31 12:31:30,28.72,31.75,29.38,1012.90,38.29,1.14
2024-05-31 12:31:40,28.81,32.00,29.47,1012.92,38.58,1.11
2024-05-31 12:31:50,28.92,32.25,29.57,1012.90,38.13,1.11
2024-05-31 12:32:00,29.03,32.50,29.61,1012.87,37.84,1.12
2024-05-31 12:32:10,29.11,32.62,29.80,1012.85,37.64,1.12
2024-05-31 12:32:20,29.25,32.75,29.85,1012.91,37.86,1.11
2024-05-31 12:32:30,29.35,32.75,30.04,1012.90,36.75,1.12
2024-05-31 12:32:40,29.47,32.88,30.04,1012.92,37.35,1.12
2024-05-31 12:32:50,29.59,32.88,30.22,1012.93,36.86,1.11
2024-05-31 12:33:00,29.69,32.88,30.22,1012.91,36.99,1.12
2024-05-31 12:33:10,29.79,32.88,30.41,1012.95,36.44,1.11
2024-05-31 12:33:20,29.89,32.88,31.17,1012.86,36.82,1.11
2024-05-31 12:33:30,29.98,32.88,31.21,1012.98,36.12,1.11
2024-05-31 12:33:40,30.07,32.75,30.65,1012.94,36.33,1.11
2024-05-31 12:33:50,30.14,32.75,30.74,1012.95,36.24,1.12
2024-05-31 12:34:00,30.20,32.75,30.79,1012.95,35.59,1.11
2024-05-31 12:34:10,30.26,32.75,30.84,1012.91,35.59,1.11
2024-05-31 12:34:20,30.32,32.75,30.79,1012.90,35.93,1.12
2024-05-31 12:34:30,30.39,32.75,30.98,1012.91,35.00,1.12
2024-05-31 12:34:40,30.44,32.75,30.98,1012.90,35.82,1.12
2024-05-31 12:34:50,30.49,32.75,31.02,1012.88,35.14,1.12
2024-05-31 12:35:00,30.54,32.75,31.07,1012.91,35.01,1.12
2024-05-31 12:35:10,30.58,32.75,31.12,1012.92,35.11,1.12
2024-05-31 12:35:20,30.64,32.75,31.12,1012.88,35.37,1.11
2024-05-31 12:35:30,30.67,32.88,31.17,1012.83,35.19,1.12
2024-05-31 12:35:40,30.72,33.00,30.51,1012.88,35.05,1.12
2024-05-31 12:35:50,30.77,33.12,31.97,1012.92,34.78,1.11
2024-05-31 12:36:00,30.82,33.38,31.26,1012.83,35.06,1.11
2024-05-31 12:36:10,30.88,33.50,31.45,1012.91,35.11,1.11
2024-05-31 12:36:20,30.94,33.75,31.49,1012.90,34.79,1.09
2024-05-31 12:36:30,31.00,33.88,31.45,1012.81,34.59,1.11
2024-05-31 12:36:40,31.08,34.12,31.45,1012.86,34.64,1.12
2024-05-31 12:36:50,31.17,34.25,31.64,1012.92,34.18,1.10
2024-05-31 12:37:00,31.24,34.50,31.68,1012.96,34.18,1.12
2024-05-31 12:37:10,31.32,34.75,31.87,1012.93,33.95,1.11
2024-05-31 12:37:20,31.42,34.75,31.97,1012.87,34.05,1.11
2024-05-31 12:37:30,31.51,34.88,32.67,1012.87,34.09,1.17
2024-05-31 12:37:40,31.61,34.88,32.01,1012.89,33.40,1.12
2024-05-31 12:37:50,31.68,34.88,32.20,1012.90,34.10,1.10
2024-05-31 12:38:00,31.76,34.75,32.25,1012.90,33.50,1.12
2024-05-31 12:38:10,31.85,34.75,32.29,1012.91,33.34,1.11
2024-05-31 12:38:20,31.91,34.75,32.34,1012.90,33.64,1.11
2024-05-31 12:38:30,31.98,34.75,32.39,1012.80,33.41,1.11
2024-05-31 12:38:40,32.03,34.62,32.48,1012.86,32.87,1.12
2024-05-31 12:38:50,32.09,34.62,32.53,1012.90,33.17,1.11
2024-05-31 12:39:00,32.15,34.62,32.67,1012.86,33.12,1.11
2024-05-31 12:39:10,32.20,34.62,32.67,1012.95,32.82,1.11
2024-05-31 12:39:20,32.24,34.62,32.01,1012.85,33.16,1.11
2024-05-31 12:39:30,32.28,34.50,32.62,1012.92,32.55,1.11
2024-05-31 12:39:40,32.31,34.50,32.67,1012.91,33.29,1.11
2024-05-31 12:39:50,32.35,34.50,33.47,1012.84,32.36,1.10
2024-05-31 12:40:00,32.36,34.50,32.77,1012.87,32.59,1.10
2024-05-31 12:40:10,32.41,34.50,32.11,1012.88,32.59,1.10
2024-05-31 12:40:20,32.43,34.50,32.77,1012.89,32.43,1.12
2024-05-31 12:40:30,32.46,34.50,32.77,1012.86,32.39,1.10
2024-05-31 12:40:40,32.48,34.62,32.81,1012.90,32.60,1.12
2024-05-31 12:40:50,32.51,34.75,32.86,1012.87,32.14,1.11
2024-05-31 12:41:00,32.55,35.00,32.91,1012.90,32.75,1.11
2024-05-31 12:41:10,32.59,35.12,33.05,1012.92,32.43,1.12
2024-05-31 12:41:20,32.63,35.25,33.00,1012.89,32.43,1.12
2024-05-31 12:41:30,32.68,35.50,33.05,1012.88,32.10,1.12
2024-05-31 12:41:40,32.73,35.62,33.09,1012.88,32.13,1.12
2024-05-31 12:41:50,32.79,35.88,33.14,1012.86,32.05,1.11
2024-05-31 12:42:00,32.87,36.00,33.19,1012.86,32.62,1.11
2024-05-31 12:42:10,32.94,36.25,33.33,1012.91,31.83,1.10
2024-05-31 12:42:20,33.02,36.25,33.33,1012.91,32.56,1.11
2024-05-31 12:42:30,33.09,36.25,34.22,1012.95,32.24,1.11
2024-05-31 12:42:40,33.16,36.25,33.47,1012.86,32.19,1.11
2024-05-31 12:42:50,33.24,36.25,33.57,1012.91,31.48,1.10
2024-05-31 12:43:00,33.31,36.25,33.71,1012.94,31.48,1.11
2024-05-31 12:43:10,33.36,36.12,33.75,1012.78,31.18,1.10
2024-05-31 12:43:20,33.43,36.12,33.80,1012.92,31.49,1.09
2024-05-31 12:43:30,33.49,36.12,33.89,1012.93,31.36,1.10
2024-05-31 12:43:40,33.53,36.00,33.85,1012.95,31.39,1.09
2024-05-31 12:43:50,33.57,36.00,33.89,1012.93,30.93,1.11
2024-05-31 12:44:00,33.61,36.00,33.99,1012.92,30.69,1.11
2024-05-31 12:44:10,33.66,36.00,33.99,1012.88,30.74,1.10
2024-05-31 12:44:20,33.67,35.88,33.85,1012.99,30.94,1.11
2024-05-31 12:44:30,33.69,35.88,34.04,1012.97,30.97,1.11
2024-05-31 12:44:40,33.72,35.88,34.08,1012.91,31.08,1.11
2024-05-31 12:44:50,33.75,35.88,34.04,1012.92,30.94,1.11
2024-05-31 12:45:00,33.77,35.88,34.04,1012.90,30.69,1.12
2024-05-31 12:45:10,33.78,35.75,34.08,1012.95,30.67,1.10
2024-05-31 12:45:20,33.80,35.75,34.04,1012.95,30.66,1.11
2024-05-31 12:45:30,33.82,35.88,33.99,1012.98,30.50,1.11
2024-05-31 12:45:40,33.84,36.00,34.04,1012.94,30.91,1.10
2024-05-31 12:45:50,33.86,36.12,34.13,1012.92,30.47,1.11
2024-05-31 12:46:00,33.87,36.25,34.13,1012.92,30.43,1.10
2024-05-31 12:46:10,33.92,36.38,34.18,1012.93,30.58,1.11
2024-05-31 12:46:20,33.94,36.62,34.98,1012.94,30.83,1.10
2024-05-31 12:46:30,33.99,36.75,34.32,1012.91,30.78,1.11
2024-05-31 12:46:40,34.02,36.88,34.98,1012.90,30.55,1.09
2024-05-31 12:46:50,34.08,37.12,34.41,1012.93,30.55,1.10
2024-05-31 12:47:00,34.14,37.25,34.41,1012.97,30.55,1.10
2024-05-31 12:47:10,34.20,37.38,34.51,1012.96,30.37,1.12
2024-05-31 12:47:20,34.27,37.50,34.51,1012.94,30.50,1.10
2024-05-31 12:47:30,34.33,37.50,34.65,1012.94,30.47,1.11
2024-05-31 12:47:40,34.41,37.50,34.79,1012.97,30.18,1.10
2024-05-31 12:47:50,34.48,37.50,34.74,1012.87,29.95,1.10
2024-05-31 12:48:00,34.53,37.38,34.88,1012.94,29.97,1.11
2024-05-31 12:48:10,34.58,37.38,34.79,1012.99,29.30,1.12
2024-05-31 12:48:20,34.63,37.38,35.02,1012.90,30.00,1.09
2024-05-31 12:48:30,34.67,37.25,34.98,1012.86,30.00,1.08
2024-05-31 12:48:40,34.72,37.25,34.27,1012.90,29.31,1.11
2024-05-31 12:48:50,34.75,37.12,35.07,1012.94,29.90,1.11
2024-05-31 12:49:00,34.80,37.12,35.07,1012.94,29.78,1.13
2024-05-31 12:49:10,34.82,37.12,35.21,1012.97,29.49,1.10
2024-05-31 12:49:20,34.84,37.00,35.12,1012.98,29.04,1.10
2024-05-31 12:49:30,34.86,37.00,35.17,1012.96,29.25,1.09
2024-05-31 12:49:40,34.88,37.00,35.26,1012.96,29.28,1.10
2024-05-31 12:49:50,34.89,37.00,35.21,1012.93,29.28,1.10
2024-05-31 12:50:00,34.90,36.88,35.07,1012.92,29.32,1.10
2024-05-31 12:50:10,34.91,36.50,35.21,1012.87,29.62,1.10
2024-05-31 12:50:20,34.92,36.62,35.17,1012.87,29.24,1.21
2024-05-31 12:50:30,34.94,36.75,35.21,1012.96,29.74,1.09
2024-05-31 12:50:40,34.96,36.75,35.17,1012.93,29.35,1.10
2024-05-31 12:50:50,34.98,36.75,35.21,1012.88,29.36,1.30
2024-05-31 12:51:00,35.00,36.75,35.17,1013.13,29.58,1.21
2024-05-31 12:51:10,35.02,36.75,35.17,1013.32,29.41,1.02
2024-05-31 12:51:20,35.01,36.88,35.26,1013.27,28.64,1.37
2024-05-31 12:51:30,35.07,36.88,35.31,1013.33,27.70,1.29
2024-05-31 12:51:40,35.09,36.88,35.26,1013.36,27.26,1.16
2024-05-31 12:51:50,35.04,36.88,35.35,1013.33,26.05,0.91
2024-05-31 12:52:00,34.99,37.12,35.35,1013.49,25.93,1.22
2024-05-31 12:52:10,34.29,37.12,35.35,1012.41,26.48,1.08
2024-05-31 12:52:20,35.02,37.12,35.26,1013.58,26.92,1.10
2024-05-31 12:52:30,35.04,37.12,35.31,1013.48,26.36,1.08
2024-05-31 12:52:40,35.07,37.12,35.21,1013.51,26.52,1.12
2024-05-31 12:52:50,35.08,37.00,35.45,1013.48,26.67,1.10
2024-05-31 12:53:00,35.11,37.00,35.31,1013.50,25.43,1.12
2024-05-31 12:53:10,35.14,36.88,35.31,1013.57,26.08,1.10
2024-05-31 12:53:20,35.16,36.88,35.35,1013.55,25.56,1.09
2024-05-31 12:53:30,34.41,36.38,34.65,1013.53,24.72,0.41
2024-05-31 12:53:40,33.87,35.62,34.08,1013.45,25.47,1.11
2024-05-31 12:53:50,33.15,34.88,33.33,1013.42,26.39,1.11
2024-05-31 12:54:00,32.51,34.38,32.62,1013.48,27.13,1.12
2024-05-31 12:54:10,31.89,33.75,31.78,1013.38,27.32,1.12
2024-05-31 12:54:20,31.40,33.25,31.21,1013.46,28.57,1.04
2024-05-31 12:54:30,30.49,32.38,30.55,1013.44,29.57,1.14
2024-05-31 12:54:40,29.28,31.50,29.61,1013.44,30.69,1.11
2024-05-31 12:54:50,28.14,30.75,28.95,1013.46,32.43,1.10
2024-05-31 12:55:00,27.34,30.12,28.44,1013.45,33.98,1.08
2024-05-31 12:55:10,26.64,29.38,27.87,1013.53,35.12,1.07
2024-05-31 12:55:20,26.60,29.00,27.68,1013.56,35.15,1.12
2024-05-31 12:55:30,26.63,28.88,27.87,1013.53,34.87,1.12
2024-05-31 12:55:40,26.67,28.75,27.78,1013.52,35.55,1.09
2024-05-31 12:55:50,26.72,28.75,27.87,1013.58,35.68,1.15
2024-05-31 12:56:00,26.81,28.88,27.97,1013.59,34.92,1.16
2024-05-31 12:56:10,26.93,29.00,28.06,1013.49,35.48,1.14
2024-05-31 12:56:20,27.05,29.12,28.15,1013.47,35.16,1.09
2024-05-31 12:56:30,27.16,29.25,28.20,1013.48,34.83,1.11
2024-05-31 12:56:40,27.31,29.38,28.29,1013.48,34.74,1.14
2024-05-31 12:56:50,27.43,29.62,28.34,1013.49,34.59,1.07
2024-05-31 12:57:00,27.56,29.88,28.53,1013.49,33.93,1.12
2024-05-31 12:57:10,27.70,30.00,28.58,1013.50,34.17,1.14
2024-05-31 12:57:20,27.83,30.12,28.67,1013.45,33.49,1.13
2024-05-31 12:57:30,27.96,30.25,28.86,1013.48,34.08,1.20
2024-05-31 12:57:40,28.09,30.38,28.91,1013.48,33.45,1.11
2024-05-31 12:57:50,28.22,30.38,29.05,1013.62,34.24,1.12
2024-05-31 12:58:00,28.36,30.50,29.19,1013.48,33.18,1.12
2024-05-31 12:58:10,28.49,30.50,29.28,1013.49,33.43,1.11
2024-05-31 12:58:20,28.61,30.62,29.42,1013.56,33.24,1.11
2024-05-31 12:58:30,28.73,30.62,29.52,1013.54,33.21,1.13
2024-05-31 12:58:40,28.82,30.62,29.66,1013.51,32.50,1.13
2024-05-31 12:58:50,28.94,30.75,29.57,1013.65,33.09,1.05
2024-05-31 12:59:00,29.05,30.75,29.80,1013.54,32.69,1.10
2024-05-31 12:59:10,29.12,30.88,29.80,1013.49,31.96,1.13
2024-05-31 12:59:20,29.22,30.88,29.89,1013.50,32.29,1.12
2024-05-31 12:59:30,29.35,31.00,30.04,1013.47,32.79,0.75
2024-05-31 12:59:40,29.50,31.00,30.18,1013.47,32.13,0.74
2024-05-31 12:59:50,29.63,31.00,30.27,1013.56,31.58,1.11
2024-05-31 13:00:00,29.74,31.12,30.32,1013.55,32.03,1.02
2024-05-31 13:00:10,29.83,31.12,30.37,1013.53,31.51,1.12
2024-05-31 13:00:20,29.92,31.25,29.75,1013.51,31.93,1.11
2024-05-31 13:00:30,29.99,31.25,31.21,1013.56,31.78,1.12
2024-05-31 13:00:40,30.07,31.38,30.65,1013.60,31.44,1.11
2024-05-31 13:00:50,30.14,31.50,30.69,1013.59,31.69,1.12
2024-05-31 13:01:00,30.23,31.62,30.65,1013.60,31.54,1.12
2024-05-31 13:01:10,30.26,31.75,30.84,1013.51,31.28,1.12
2024-05-31 13:01:20,30.37,31.88,30.93,1013.52,31.49,1.10
2024-05-31 13:01:30,30.47,32.00,30.98,1013.40,30.95,1.11
2024-05-31 13:01:40,30.55,32.12,30.98,1013.46,31.30,1.12
2024-05-31 13:01:50,30.63,32.38,31.02,1013.51,31.29,1.12
2024-05-31 13:02:00,30.72,32.50,31.12,1013.47,30.60,1.23
2024-05-31 13:02:10,30.78,32.62,31.97,1013.46,31.36,1.17
2024-05-31 13:02:20,30.88,32.75,31.35,1013.51,30.90,1.11
2024-05-31 13:02:30,30.96,32.88,31.31,1013.46,30.54,1.11
2024-05-31 13:02:40,31.04,32.88,31.54,1013.45,30.96,1.11
2024-05-31 13:02:50,31.12,33.00,31.64,1013.42,30.54,1.12
2024-05-31 13:03:00,31.18,33.00,31.64,1013.42,30.11,1.03
2024-05-31 13:03:10,31.24,33.00,31.59,1013.41,30.33,1.12
2024-05-31 13:03:20,31.32,33.12,31.78,1013.49,30.65,1.11
2024-05-31 13:03:30,31.37,33.12,31.87,1013.49,29.91,1.12
2024-05-31 13:03:40,31.45,33.25,31.97,1013.46,30.27,1.13
2024-05-31 13:03:50,31.54,33.25,32.72,1013.49,29.96,1.11
2024-05-31 13:04:00,31.59,33.38,32.06,1013.61,29.71,1.13
2024-05-31 13:04:10,31.66,33.38,32.06,1013.50,29.49,1.12
2024-05-31 13:04:20,31.71,33.38,32.11,1013.49,29.70,1.12
2024-05-31 13:04:30,31.78,33.50,32.20,1013.46,29.68,1.11
2024-05-31 13:04:40,31.84,33.50,32.29,1013.48,29.54,1.11
2024-05-31 13:04:50,31.90,33.50,32.29,1013.50,29.30,1.10
2024-05-31 13:05:00,31.96,33.62,32.39,1013.44,29.13,1.09
2024-05-31 13:05:10,32.02,33.62,32.39,1013.52,29.70,1.11
2024-05-31 13:05:20,32.08,33.62,32.39,1013.47,29.02,1.12
2024-05-31 13:05:30,32.16,33.75,32.48,1013.47,29.37,1.10
2024-05-31 13:05:40,32.24,33.88,32.62,1013.52,29.47,1.11
2024-05-31 13:05:50,32.30,34.00,32.72,1013.57,29.05,1.12
2024-05-31 13:06:00,32.38,34.12,32.72,1013.58,29.32,1.12
2024-05-31 13:06:10,32.45,34.12,32.86,1013.46,28.55,1.11
2024-05-31 13:06:20,32.52,34.25,32.86,1013.49,28.56,1.10
2024-05-31 13:06:30,32.60,34.38,32.95,1013.43,28.15,1.11
2024-05-31 13:06:40,32.67,34.50,32.95,1013.47,29.07,1.10
2024-05-31 13:06:50,32.76,34.62,33.05,1013.50,28.68,1.12
2024-05-31 13:07:00,32.84,34.88,33.33,1013.54,28.49,1.12
2024-05-31 13:07:10,32.93,35.00,33.28,1013.46,28.18,1.11
2024-05-31 13:07:20,33.01,35.00,33.38,1013.41,28.29,1.11
2024-05-31 13:07:30,33.11,35.12,33.42,1013.56,28.73,1.11
2024-05-31 13:07:40,33.19,35.12,34.22,1013.28,28.16,1.00
2024-05-31 13:07:50,33.28,35.25,33.52,1013.23,28.44,1.02
2024-05-31 13:08:00,33.36,35.25,33.71,1013.41,27.69,1.16
2024-05-31 13:08:10,33.39,35.25,33.75,1013.36,26.55,1.14
2024-05-31 13:08:20,33.46,35.25,33.85,1013.36,27.81,1.06
2024-05-31 13:08:30,33.53,35.25,33.89,1013.40,27.78,1.01
2024-05-31 13:08:40,33.61,35.25,33.89,1013.37,26.97,1.07
2024-05-31 13:08:50,33.71,35.25,33.89,1013.35,26.94,1.12
2024-05-31 13:9:00,33.78,35.25,34.04,1013.24,27.21,1.10
2024-05-31 13:9:10,33.86,35.25,34.08,1013.29,27.49,1.08
2024-05-31 13:9:20,33.91,35.25,34.13,1013.37,27.30,0.96
2024-05-31 13:9:30,33.95,35.25,34.08,1013.40,26.69,1.06
2024-05-31 13:9:40,33.98,35.25,34.18,1013.38,27.23,1.04
2024-05-31 13:9:50,34.02,35.25,34.18,1013.31,27.39,1.08
2024-05-31 13:10:00,34.07,35.25,34.18,1013.33,26.93,1.09
2024-05-31 13:10:10,34.13,35.12,34.18,1013.30,26.90,1.08
2024-05-31 13:10:20,34.20,35.12,34.88,1013.38,27.16,1.08
2024-05-31 13:10:30,34.24,35.25,34.27,1013.38,26.63,1.07
2024-05-31 13:10:40,34.30,35.25,34.32,1013.29,26.36,1.14
2024-05-31 13:10:50,34.35,35.38,34.37,1013.33,26.55,1.09
2024-05-31 13:11:00,34.41,35.38,34.41,1013.27,26.31,1.10
2024-05-31 13:11:10,34.42,35.50,34.37,1013.13,26.15,1.00
2024-05-31 13:11:20,34.34,35.50,34.41,1013.21,25.52,1.07
2024-05-31 13:11:30,34.32,35.62,34.51,1013.29,25.61,1.04
2024-05-31 13:11:40,34.35,35.62,34.55,1013.28,25.90,1.11
2024-05-31 13:11:50,34.40,35.75,34.51,1013.25,26.14,0.96
2024-05-31 13:12:00,34.40,35.75,34.55,1013.26,26.51,1.10
2024-05-31 13:12:10,34.41,35.88,34.60,1013.30,26.28,0.89
2024-05-31 13:12:20,34.44,35.88,34.55,1013.37,26.57,1.05
2024-05-31 13:12:30,34.45,36.00,34.55,1010.44,25.81,1.17
2024-05-31 13:12:40,34.43,36.00,34.55,1003.78,24.83,1.09
2024-05-31 13:12:50,34.40,36.00,34.55,998.70,24.35,1.06
2024-05-31 13:13:00,34.34,36.00,34.55,993.56,24.37,1.01
2024-05-31 13:13:10,34.31,36.12,34.55,987.59,24.25,1.10
2024-05-31 13:13:20,34.27,36.12,34.55,981.36,24.67,1.05
2024-05-31 13:13:30,34.21,36.12,34.51,976.57,24.25,1.04
2024-05-31 13:13:40,34.17,36.12,34.27,970.97,24.62,1.14
2024-05-31 13:13:50,34.11,36.12,34.18,965.68,24.43,1.14
2024-05-31 13:14:00,34.04,36.12,34.88,960.87,23.94,1.10
2024-05-31 13:14:10,33.99,36.12,34.08,956.31,24.05,1.10
2024-05-31 13:14:20,33.92,36.00,34.08,951.45,24.09,1.12
2024-05-31 13:14:30,33.86,36.00,33.94,946.62,24.02,1.10
2024-05-31 13:14:40,33.79,36.00,33.89,941.92,24.13,1.07
2024-05-31 13:14:50,33.71,36.00,33.71,937.22,23.86,1.00
2024-05-31 13:15:00,33.64,35.88,33.61,932.60,23.96,1.13
2024-05-31 13:15:10,33.56,35.75,33.66,927.76,23.03,1.12
2024-05-31 13:15:20,33.47,35.75,33.38,922.69,23.09,1.14
2024-05-31 13:15:30,33.30,35.75,33.38,917.93,23.33,1.19
2024-05-31 13:15:40,33.29,35.75,33.24,913.01,23.55,1.10
2024-05-31 13:15:50,33.20,35.75,33.14,907.23,23.68,1.05
2024-05-31 13:16:00,33.12,35.62,32.95,901.53,23.92,1.09
2024-05-31 13:16:10,33.02,35.62,32.95,897.08,23.40,1.12
2024-05-31 13:16:20,32.94,35.50,32.81,892.60,23.33,1.06
2024-05-31 13:16:30,32.86,35.50,32.62,888.71,22.98,1.07
2024-05-31 13:16:40,32.77,35.50,32.62,884.35,22.90,1.14
2024-05-31 13:16:50,32.69,35.50,32.53,879.49,22.36,1.06
2024-05-31 13:17:00,32.61,35.50,32.44,875.15,22.56,1.12
2024-05-31 13:17:10,32.53,35.38,32.39,870.63,21.95,1.12
2024-05-31 13:17:20,32.45,35.38,32.20,866.00,22.21,1.12
2024-05-31 13:17:30,32.35,35.38,32.11,860.72,22.45,1.16
2024-05-31 13:17:40,32.27,35.25,32.72,854.37,22.24,1.12
2024-05-31 13:17:50,32.17,35.25,31.92,849.08,21.68,1.06
2024-05-31 13:18:00,32.07,35.12,31.78,844.67,21.65,1.11
2024-05-31 13:18:10,31.98,35.12,31.68,839.70,21.12,1.07
2024-05-31 13:18:20,31.89,35.00,31.64,834.73,21.29,1.12
2024-05-31 13:18:30,31.81,35.00,31.45,829.56,20.64,1.10
2024-05-31 13:18:40,31.72,34.88,31.35,824.54,21.01,1.10
2024-05-31 13:18:50,31.62,34.75,31.31,819.93,20.42,1.18
2024-05-31 13:19:00,31.53,34.75,31.21,814.06,20.23,1.12
2024-05-31 13:19:10,31.40,34.62,31.07,808.39,20.14,1.07
2024-05-31 13:19:20,31.31,34.50,30.93,803.35,19.47,1.13
2024-05-31 13:19:30,31.20,34.38,30.74,798.47,19.66,1.21
2024-05-31 13:19:40,31.09,34.38,30.74,793.25,18.89,1.14
2024-05-31 13:19:50,30.99,34.25,30.60,787.81,18.92,1.22
2024-05-31 13:20:00,30.88,34.12,30.41,782.18,19.50,1.05
2024-05-31 13:20:10,30.76,34.00,29.75,777.09,18.97,1.06
2024-05-31 13:20:20,30.64,34.00,30.27,771.63,18.86,1.20
2024-05-31 13:20:30,30.55,33.88,30.13,766.78,18.66,1.15
2024-05-31 13:20:40,30.45,33.88,29.99,761.62,18.95,1.15
2024-05-31 13:20:50,30.35,33.75,29.94,756.17,18.74,1.10
2024-05-31 13:21:00,30.25,33.62,29.80,751.21,19.20,1.15
2024-05-31 13:21:10,30.16,33.62,29.00,746.30,19.33,1.11
2024-05-31 13:21:20,30.07,33.62,30.46,741.84,18.64,1.06
2024-05-31 13:21:30,29.98,33.50,29.57,737.53,19.21,1.13
2024-05-31 13:21:40,29.88,33.38,29.52,733.38,19.19,1.11
2024-05-31 13:21:50,29.80,33.38,29.47,729.43,18.96,1.11
2024-05-31 13:22:00,29.71,33.38,29.38,725.40,18.94,1.06
2024-05-31 13:22:10,29.64,33.25,29.38,721.46,19.19,1.14
2024-05-31 13:22:20,29.51,33.25,29.24,717.51,18.36,1.12
2024-05-31 13:22:30,29.45,33.25,29.09,714.61,18.08,1.15
2024-05-31 13:22:40,29.40,33.12,29.09,711.28,19.77,1.05
2024-05-31 13:22:50,29.34,33.00,29.00,708.08,17.65,1.17
2024-05-31 13:23:00,29.28,33.00,28.95,704.11,18.37,1.13
2024-05-31 13:23:10,29.09,33.00,28.81,700.80,18.33,1.07
2024-05-31 13:23:20,29.15,32.88,28.81,697.83,16.68,1.17
2024-05-31 13:23:30,29.09,32.75,28.77,694.55,16.95,1.11
2024-05-31 13:23:40,29.03,32.75,28.72,691.20,17.15,1.14
2024-05-31 13:23:50,28.98,32.62,28.62,687.86,16.59,1.17
2024-05-31 13:24:00,28.91,32.62,28.48,684.62,16.61,1.10
2024-05-31 13:24:10,28.86,32.50,28.62,681.00,16.42,1.11
2024-05-31 13:24:20,28.81,32.50,28.44,677.58,15.20,1.15
2024-05-31 13:24:30,28.76,32.38,28.53,674.23,15.57,1.06
2024-05-31 13:24:40,28.71,32.38,28.44,670.75,15.69,1.08
2024-05-31 13:24:50,28.64,32.38,28.44,667.33,15.69,1.17
2024-05-31 13:25:00,28.61,32.25,28.25,663.57,15.47,1.12
2024-05-31 13:25:10,28.56,32.25,28.34,659.99,15.02,1.16
2024-05-31 13:25:20,28.55,32.12,28.39,656.47,15.65,1.15
2024-05-31 13:25:30,28.45,32.12,28.29,652.74,14.84,1.04
2024-05-31 13:25:40,28.49,32.12,28.91,649.02,14.35,1.11
2024-05-31 13:25:50,28.46,32.12,28.29,645.20,14.72,1.10
2024-05-31 13:26:00,28.41,32.12,28.15,641.47,14.07,1.14
2024-05-31 13:26:10,28.40,32.12,28.25,637.60,14.34,1.11
2024-05-31 13:26:20,28.37,32.12,28.15,633.99,13.73,1.14
2024-05-31 13:26:30,28.33,32.12,28.20,630.04,13.46,1.14
2024-05-31 13:26:40,28.35,32.12,28.15,626.06,14.04,1.09
2024-05-31 13:26:50,28.32,32.12,28.06,622.38,12.89,1.10
2024-05-31 13:27:00,28.30,32.12,28.20,618.76,13.21,1.11
2024-05-31 13:27:10,28.28,32.12,28.15,615.09,12.35,1.15
2024-05-31 13:27:20,28.25,32.12,28.15,611.46,11.70,1.09
2024-05-31 13:27:30,28.20,32.12,28.11,608.18,11.20,1.15
2024-05-31 13:27:40,28.17,32.12,28.06,604.40,11.24,1.15
2024-05-31 13:27:50,28.13,32.12,28.01,600.86,10.55,1.22
2024-05-31 13:28:00,28.14,32.00,27.97,596.41,11.01,1.16
2024-05-31 13:28:10,28.11,32.00,27.92,591.46,10.75,1.12
2024-05-31 13:28:20,28.08,32.00,27.82,586.72,10.79,1.08
2024-05-31 13:28:30,28.05,31.88,27.82,581.95,9.84,1.16
2024-05-31 13:28:40,27.99,31.88,27.73,577.20,10.19,1.17
2024-05-31 13:28:50,27.94,31.75,27.68,573.22,9.53,1.12
2024-05-31 13:29:00,27.86,31.75,27.64,569.82,9.28,1.18
2024-05-31 13:29:10,27.82,31.62,27.64,564.97,9.73,1.05
2024-05-31 13:29:20,27.75,31.62,28.20,561.00,9.67,1.14
2024-05-31 13:29:30,27.70,31.62,26.74,556.27,8.33,1.14
2024-05-31 13:29:40,27.65,31.50,27.40,551.86,8.68,1.12
2024-05-31 13:29:50,27.60,31.50,27.31,547.88,9.14,1.09
2024-05-31 13:30:00,27.51,31.50,27.26,544.55,7.66,1.16
2024-05-31 13:30:10,27.48,31.25,27.17,541.12,8.69,1.08
2024-05-31 13:30:20,27.44,31.25,27.17,537.94,8.20,1.13
2024-05-31 13:30:30,27.36,31.25,27.17,533.97,7.95,1.08
2024-05-31 13:30:40,27.27,31.25,27.07,530.60,7.15,1.06
2024-05-31 13:30:50,27.22,31.12,27.02,526.97,8.10,1.09
2024-05-31 13:31:00,27.14,31.12,26.98,524.02,7.67,1.16
2024-05-31 13:31:10,27.10,31.12,26.93,520.56,7.00,1.09
2024-05-31 13:31:20,27.06,31.12,26.93,517.04,7.67,1.04
2024-05-31 13:31:30,26.99,31.12,26.88,513.90,6.87,1.17
2024-05-31 13:31:40,26.93,31.12,27.45,509.92,7.32,1.12
2024-05-31 13:31:50,26.89,31.00,26.69,506.36,6.53,1.16
2024-05-31 13:32:00,26.80,31.12,26.60,502.89,5.93,1.10
2024-05-31 13:32:10,26.77,31.12,26.60,499.68,6.77,1.09
2024-05-31 13:32:20,26.69,31.12,26.51,496.50,6.33,1.21
2024-05-31 13:32:30,26.66,31.00,26.51,493.13,5.95,1.20
2024-05-31 13:32:40,26.65,30.88,26.41,488.90,6.04,1.14
2024-05-31 13:32:50,26.61,30.88,26.37,485.65,6.30,1.11
2024-05-31 13:33:00,26.54,30.88,26.37,482.38,5.77,1.15
2024-05-31 13:33:10,26.47,30.75,26.22,479.29,5.17,1.04
2024-05-31 13:33:20,26.38,30.75,26.32,476.35,5.75,1.09
2024-05-31 13:33:30,26.32,30.75,26.22,473.61,6.23,1.16
2024-05-31 13:33:40,25.00,30.62,26.22,469.59,5.89,1.17
2024-05-31 13:33:50,26.25,30.62,26.22,467.63,4.88,1.10
2024-05-31 13:34:00,26.21,30.62,26.08,464.72,5.57,1.14
2024-05-31 13:34:10,26.18,30.50,26.13,461.46,5.15,1.15
2024-05-31 13:34:20,26.13,30.50,26.08,458.44,4.70,1.09
2024-05-31 13:34:30,26.07,30.38,25.99,455.22,5.10,1.11
2024-05-31 13:34:40,26.01,30.38,25.94,452.27,4.88,1.11
2024-05-31 13:34:50,25.96,30.38,25.89,449.13,4.86,1.09
2024-05-31 13:35:00,25.89,30.25,25.80,446.42,4.43,1.14
2024-05-31 13:35:10,25.87,30.25,25.85,443.66,5.75,1.07
2024-05-31 13:35:20,25.84,30.12,25.85,440.79,4.87,1.13
2024-05-31 13:35:30,25.83,30.12,25.71,437.50,4.58,1.13
2024-05-31 13:35:40,25.78,30.12,25.71,434.41,4.53,1.10
2024-05-31 13:35:50,25.74,30.00,25.57,431.02,4.80,1.20
2024-05-31 13:36:00,25.68,30.00,25.52,427.52,4.63,1.22
2024-05-31 13:36:10,25.56,30.00,25.42,424.57,4.04,1.18
2024-05-31 13:36:20,25.54,30.00,25.33,421.84,4.77,1.18
2024-05-31 13:36:30,25.45,30.00,25.38,419.25,4.59,1.23
2024-05-31 13:36:40,25.43,30.00,25.28,416.26,4.71,1.20
2024-05-31 13:36:50,25.34,29.88,25.19,413.54,3.98,1.20
2024-05-31 13:37:00,25.29,29.88,24.48,411.09,4.12,1.07
2024-05-31 13:37:10,25.21,29.88,25.09,408.35,4.42,1.12
2024-05-31 13:37:20,25.17,29.88,25.05,405.20,3.96,1.16
2024-05-31 13:37:30,25.13,29.75,24.91,401.76,3.88,1.09
2024-05-31 13:37:40,25.06,29.75,24.86,398.67,4.30,1.05
2024-05-31 13:37:50,24.98,29.62,24.91,395.60,4.16,1.09
2024-05-31 13:38:00,24.87,29.62,24.67,392.75,4.47,1.15
2024-05-31 13:38:10,24.78,29.50,24.53,390.19,3.87,1.08
2024-05-31 13:38:20,24.71,29.50,24.53,387.72,3.77,1.08
2024-05-31 13:38:30,24.59,29.38,25.14,384.96,3.85,1.06
2024-05-31 13:38:40,24.54,29.25,25.09,381.94,3.82,1.05
2024-05-31 13:38:50,24.46,29.25,24.25,379.32,4.23,1.15
2024-05-31 13:39:00,24.33,29.12,24.20,376.77,3.88,1.24
2024-05-31 13:39:10,24.25,29.12,24.25,373.65,3.91,1.11
2024-05-31 13:39:20,24.19,29.00,24.20,370.40,3.35,1.14
2024-05-31 13:39:30,24.12,29.00,24.01,367.71,3.19,1.20
2024-05-31 13:39:40,24.05,28.88,23.92,364.75,4.05,1.20
2024-05-31 13:39:50,23.98,28.75,23.87,361.11,4.09,1.21
2024-05-31 13:40:00,23.86,28.75,23.78,358.70,3.40,1.18
2024-05-31 13:40:10,23.74,28.62,24.44,356.19,3.58,1.11
2024-05-31 13:40:20,23.67,28.50,23.54,353.27,3.81,1.16
2024-05-31 13:40:30,23.61,28.38,23.45,349.94,3.57,1.15
2024-05-31 13:40:40,23.52,28.38,23.35,346.62,4.05,1.10
2024-05-31 13:40:50,23.40,28.38,23.26,344.22,3.63,1.17
2024-05-31 13:41:00,23.31,28.25,23.17,341.50,3.90,1.15
2024-05-31 13:41:10,23.19,28.25,23.17,339.45,3.94,1.12
2024-05-31 13:41:20,23.13,28.25,22.98,337.23,3.96,1.17
2024-05-31 13:41:30,23.02,28.12,22.27,334.92,3.53,1.15
2024-05-31 13:41:40,22.97,28.12,22.84,332.73,3.05,1.05
2024-05-31 13:41:50,22.91,28.12,22.79,330.18,3.48,1.20
2024-05-31 13:42:00,22.84,28.12,22.79,327.89,3.59,1.32
2024-05-31 13:42:10,22.76,28.00,22.69,325.69,3.34,1.12
2024-05-31 13:42:20,22.68,28.00,22.79,323.59,3.66,1.14
2024-05-31 13:42:30,22.59,27.88,22.60,321.50,3.18,1.17
2024-05-31 13:42:40,22.53,27.88,22.51,319.41,3.62,1.18
2024-05-31 13:42:50,22.49,27.75,22.46,317.24,3.59,1.10
2024-05-31 13:43:00,22.41,27.75,22.37,314.84,4.13,1.05
2024-05-31 13:43:10,22.34,27.62,22.41,312.81,3.24,1.23
2024-05-31 13:43:20,22.30,27.62,22.22,310.76,4.01,1.18
2024-05-31 13:43:30,22.25,27.50,22.93,308.66,3.76,1.12
2024-05-31 13:43:40,22.20,27.38,22.08,306.43,4.20,1.32
2024-05-31 13:43:50,22.02,27.38,22.18,304.03,3.76,1.23
2024-05-31 13:44:00,22.08,27.25,22.08,301.89,3.81,1.16
2024-05-31 13:44:10,22.02,27.25,21.94,300.00,3.19,1.12
2024-05-31 13:44:20,21.95,27.12,21.89,300.00,3.35,1.15
2024-05-31 13:44:30,21.86,27.00,21.85,300.00,3.62,1.15
2024-05-31 13:44:40,21.79,27.00,21.85,300.00,3.89,1.16
2024-05-31 13:44:50,21.76,26.88,21.75,300.00,3.38,1.16
2024-05-31 13:45:00,21.67,26.88,21.66,300.00,3.46,1.19
2024-05-31 13:45:10,21.64,26.75,21.57,300.00,3.72,1.12
2024-05-31 13:45:20,21.53,26.62,21.52,300.00,3.56,1.15
2024-05-31 13:45:30,21.44,26.62,21.38,300.00,3.39,1.32
2024-05-31 13:45:40,21.36,26.50,21.28,300.00,3.55,1.11
2024-05-31 13:45:50,21.30,26.50,21.24,300.00,2.95,1.26
2024-05-31 13:46:00,21.21,26.38,21.33,300.00,3.09,1.22
2024-05-31 13:46:10,21.08,26.38,21.14,300.00,3.23,1.14
2024-05-31 13:46:20,21.09,26.25,21.09,300.00,3.17,1.19
2024-05-31 13:46:30,21.03,26.25,21.05,300.00,2.98,1.30
2024-05-31 13:46:40,20.96,26.25,21.00,300.00,3.39,1.36
2024-05-31 13:46:50,20.91,26.12,21.05,300.00,2.63,1.27
2024-05-31 13:47:00,20.88,26.12,21.00,300.00,3.46,1.43
2024-05-31 13:47:10,20.83,26.12,20.81,300.00,3.19,1.24
2024-05-31 13:47:20,20.74,26.12,20.91,300.00,3.60,1.12
2024-05-31 13:47:30,20.68,26.00,20.06,300.00,3.08,1.14
2024-05-31 13:47:40,20.64,25.88,20.62,300.00,3.54,1.15
2024-05-31 13:47:50,20.62,25.88,20.53,300.00,2.66,1.12
2024-05-31 13:48:00,20.58,25.88,20.53,300.00,3.01,1.17
2024-05-31 13:48:10,20.52,25.75,20.39,300.00,3.03,1.08
2024-05-31 13:48:20,20.50,25.62,20.44,300.00,2.92,1.09
2024-05-31 13:48:30,20.44,25.62,20.48,300.00,3.09,1.29
2024-05-31 13:48:40,20.40,25.50,20.44,300.00,3.54,1.11
2024-05-31 13:48:50,20.36,25.50,20.25,300.00,3.62,1.16
2024-05-31 13:49:00,20.33,25.38,20.29,300.00,3.62,1.34
2024-05-31 13:49:10,20.30,25.38,20.25,300.00,3.63,1.18
2024-05-31 13:49:20,20.26,25.25,20.11,300.00,3.01,1.27
2024-05-31 13:49:30,20.23,25.25,20.20,300.00,3.04,1.32
2024-05-31 13:49:40,20.19,25.12,20.06,300.00,3.03,1.19
2024-05-31 13:49:50,20.16,25.12,20.11,300.00,3.71,1.24
2024-05-31 13:50:00,20.14,25.00,20.11,300.00,3.17,1.17
2024-05-31 13:50:10,20.09,24.88,20.01,300.00,3.00,1.17
2024-05-31 13:50:20,20.06,24.75,19.97,300.00,2.88,1.24
2024-05-31 13:50:30,20.02,24.75,19.97,300.00,3.08,1.27
2024-05-31 13:50:40,19.90,24.75,19.97,300.00,2.85,1.24
2024-05-31 13:50:50,19.97,24.62,19.21,300.00,3.54,1.08
2024-05-31 13:51:00,19.93,24.62,19.73,300.00,3.38,1.14
2024-05-31 13:51:10,19.91,24.62,19.87,300.00,3.54,1.48
2024-05-31 13:51:20,19.87,24.62,19.73,300.00,3.54,1.18
2024-05-31 13:51:30,19.79,24.50,19.73,300.00,3.59,1.02
2024-05-31 13:51:40,19.79,24.50,19.68,300.00,3.55,1.11
2024-05-31 13:51:50,19.75,24.50,19.59,300.00,3.38,1.14
2024-05-31 13:52:00,19.71,24.50,19.64,300.00,3.25,1.26
2024-05-31 13:52:10,19.67,24.50,19.49,300.00,3.71,1.21
2024-05-31 13:52:20,19.64,24.38,19.54,300.00,3.30,1.25
2024-05-31 13:52:30,19.60,24.38,19.49,300.00,2.90,1.21
2024-05-31 13:52:40,19.56,24.25,19.49,300.00,2.54,1.19
2024-05-31 13:52:50,19.54,24.25,19.45,300.00,2.84,1.22
2024-05-31 13:53:00,19.44,24.12,19.40,300.00,3.12,1.32
2024-05-31 13:53:10,19.46,24.12,19.35,300.00,3.71,1.01
2024-05-31 13:53:20,19.44,24.00,19.40,300.00,3.53,0.96
2024-05-31 13:53:30,19.40,24.00,19.40,300.00,3.15,1.14
2024-05-31 13:53:40,19.37,23.88,19.40,300.00,3.34,1.20
2024-05-31 13:53:50,19.33,23.88,19.26,300.00,3.44,1.19
2024-05-31 13:54:00,19.30,23.75,19.21,300.00,3.16,1.33
2024-05-31 13:54:10,19.27,23.75,19.26,300.00,3.48,1.32
2024-05-31 13:54:20,19.23,23.62,18.51,300.00,3.12,1.12
2024-05-31 13:54:30,19.19,23.62,19.12,300.00,3.13,1.09
2024-05-31 13:54:40,19.17,23.50,19.92,300.00,3.36,1.04
2024-05-31 13:54:50,19.14,23.50,19.17,300.00,2.96,1.10
2024-05-31 13:55:00,19.09,23.38,19.07,300.00,3.62,1.39
2024-05-31 13:55:10,19.06,23.25,19.82,300.00,3.19,1.22
2024-05-31 13:55:20,19.05,23.25,18.88,300.00,2.85,1.28
2024-05-31 13:55:30,19.02,23.25,19.02,300.00,3.64,1.24
2024-05-31 13:55:40,18.99,23.12,19.07,300.00,2.97,1.19
2024-05-31 13:55:50,18.98,23.12,18.98,300.00,3.84,1.13
2024-05-31 13:56:00,18.94,23.12,18.88,300.00,2.77,1.17
2024-05-31 13:56:10,18.91,23.12,18.88,300.00,2.94,1.23
2024-05-31 13:56:20,18.89,23.00,18.93,300.00,3.20,1.17
2024-05-31 13:56:30,18.86,23.00,18.84,300.00,3.54,1.07
2024-05-31 13:56:40,18.84,23.00,18.88,300.00,3.38,1.23
2024-05-31 13:56:50,18.82,23.00,18.88,300.00,3.78,1.14
2024-05-31 13:57:00,18.79,23.00,18.84,300.00,3.11,1.13
2024-05-31 13:57:10,18.75,23.00,18.79,300.00,2.97,1.27
2024-05-31 13:57:20,18.74,23.00,18.79,300.00,4.62,1.31
2024-05-31 13:57:30,18.70,22.88,18.74,300.00,3.93,1.28
2024-05-31 13:57:40,18.71,22.88,18.74,300.00,4.05,0.99
2024-05-31 13:57:50,18.68,22.88,18.79,300.00,3.14,1.13
2024-05-31 13:58:00,18.65,22.75,18.74,300.00,3.59,1.37
2024-05-31 13:58:10,18.62,22.75,18.69,300.00,3.33,1.39
2024-05-31 13:58:20,18.60,22.62,18.60,300.00,4.12,1.27
2024-05-31 13:58:30,18.58,22.62,18.65,300.00,4.68,1.08
2024-05-31 13:58:40,18.55,22.62,18.55,300.00,3.18,1.16
2024-05-31 13:58:50,18.53,22.50,18.65,300.00,3.00,1.20
2024-05-31 13:59:00,18.50,22.50,18.60,300.00,3.44,1.21
2024-05-31 13:59:10,18.47,22.38,18.55,300.00,3.61,1.23
2024-05-31 13:59:20,18.45,22.38,18.55,300.00,3.51,1.07
2024-05-31 13:59:30,18.43,22.38,18.46,300.00,4.17,1.01
2024-05-31 13:59:40,18.40,22.25,18.51,300.00,3.29,1.23
2024-05-31 13:59:50,18.39,22.25,17.71,300.00,4.02,1.22
2024-05-31 14:00:00,18.35,22.12,18.51,300.00,3.30,1.00
2024-05-31 14:00:10,18.33,22.00,18.46,300.00,3.78,1.14
2024-05-31 14:00:20,18.31,22.00,18.41,300.00,3.65,1.12
2024-05-31 14:00:30,18.29,22.00,18.37,300.00,3.23,1.23
2024-05-31 14:00:40,18.28,22.00,18.37,300.00,3.81,1.31
2024-05-31 14:00:50,18.25,22.00,17.71,300.00,3.90,1.16
2024-05-31 14:01:00,18.24,21.88,18.32,300.00,4.16,1.13
2024-05-31 14:01:10,18.23,21.88,17.71,300.00,3.53,1.14
2024-05-31 14:01:20,18.21,21.88,18.27,300.00,4.10,1.30
2024-05-31 14:01:30,18.19,21.88,18.37,300.00,4.16,1.17
2024-05-31 14:01:40,18.17,21.88,18.37,300.00,4.46,1.40
2024-05-31 14:01:50,18.15,21.88,18.27,300.00,4.37,1.21
2024-05-31 14:02:00,18.15,22.00,18.32,300.00,3.85,1.05
2024-05-31 14:02:10,18.12,21.88,18.37,300.00,3.73,1.17
2024-05-31 14:02:20,18.12,21.88,18.37,300.00,3.70,1.06
2024-05-31 14:02:30,18.11,21.88,18.37,300.00,3.32,1.24
2024-05-31 14:02:40,18.11,21.88,18.27,300.00,3.17,1.05
2024-05-31 14:02:50,18.10,21.88,18.22,300.00,3.60,1.17
2024-05-31 14:03:00,18.08,21.75,18.27,300.00,3.31,1.28
2024-05-31 14:03:10,18.07,21.75,18.18,300.00,3.75,1.32
2024-05-31 14:03:20,18.06,21.75,18.27,300.00,3.98,1.08
2024-05-31 14:03:30,18.06,21.62,18.27,300.00,4.18,1.06
2024-05-31 14:03:40,18.04,21.62,18.32,300.00,4.09,1.26
2024-05-31 14:03:50,18.02,21.62,18.22,300.00,4.19,1.05
2024-05-31 14:04:00,18.01,21.50,18.27,300.00,4.17,1.08
2024-05-31 14:04:10,18.01,21.50,18.13,300.00,3.66,1.22
2024-05-31 14:04:20,17.99,21.50,18.22,300.00,4.05,1.10
2024-05-31 14:04:30,17.98,21.50,18.27,300.00,4.36,1.27
2024-05-31 14:04:40,17.96,21.38,18.18,300.00,4.04,1.24
2024-05-31 14:04:50,17.96,21.38,18.22,300.00,4.22,0.96
2024-05-31 14:05:00,17.95,21.38,18.22,300.00,4.31,1.28
2024-05-31 14:05:10,17.94,21.25,18.22,300.00,4.59,1.21
2024-05-31 14:05:20,17.93,21.12,18.18,300.00,4.05,1.08
2024-05-31 14:05:30,17.91,21.12,18.08,300.00,4.08,1.25
2024-05-31 14:05:40,17.91,21.12,18.13,300.00,4.39,1.19
2024-05-31 14:05:50,17.89,21.12,18.08,300.00,4.45,1.20
2024-05-31 14:06:00,17.89,21.12,18.04,300.00,4.07,1.26
2024-05-31 14:06:10,17.85,21.12,18.08,300.00,4.27,1.27
2024-05-31 14:06:20,17.85,21.12,17.99,300.00,4.05,1.25
2024-05-31 14:06:30,17.83,21.12,18.13,300.00,4.68,1.06
2024-05-31 14:06:40,17.84,21.12,18.08,300.00,4.32,1.26
2024-05-31 14:06:50,17.83,21.12,18.08,300.00,3.88,1.07
2024-05-31 14:07:00,17.82,21.25,18.08,300.00,3.86,1.17
2024-05-31 14:07:10,17.81,21.25,18.13,300.00,4.44,1.19
2024-05-31 14:07:20,17.80,21.25,18.08,300.00,4.63,1.10
2024-05-31 14:07:30,17.80,21.12,18.18,300.00,4.95,0.98
2024-05-31 14:07:40,17.80,21.12,17.99,300.00,4.14,1.32
2024-05-31 14:07:50,17.80,21.12,18.08,300.00,4.20,1.08
2024-05-31 14:08:00,17.80,21.12,18.04,300.00,4.54,1.29
2024-05-31 14:08:10,17.79,21.12,18.04,300.00,4.12,1.02
2024-05-31 14:08:20,17.79,21.00,18.13,300.00,4.62,1.31
2024-05-31 14:08:30,17.79,21.00,18.18,300.00,4.67,1.09
2024-05-31 14:08:40,17.78,21.00,17.94,300.00,4.57,1.08
2024-05-31 14:08:50,17.76,21.00,18.08,300.00,4.74,1.18
2024-05-31 14:9:00,17.75,20.88,18.04,300.00,4.71,1.19
2024-05-31 14:9:10,17.74,20.88,18.08,300.00,4.22,1.15
2024-05-31 14:9:20,17.74,20.88,17.94,300.00,5.04,1.14
2024-05-31 14:9:30,17.71,20.88,18.04,300.00,4.61,1.31
2024-05-31 14:9:40,17.71,20.75,18.04,300.00,4.58,1.16
2024-05-31 14:9:50,17.70,20.75,17.99,300.00,4.81,1.23
2024-05-31 14:10:00,17.69,20.75,18.04,300.00,4.46,1.24
2024-05-31 14:10:10,17.68,20.62,18.13,300.00,5.26,1.05
2024-05-31 14:10:20,17.67,20.62,17.99,300.00,4.12,1.20
2024-05-31 14:10:30,17.66,20.62,17.99,300.00,4.79,1.10
2024-05-31 14:10:40,17.65,20.62,17.99,300.00,4.77,1.24
2024-05-31 14:10:50,17.63,20.62,18.04,300.00,4.55,1.29
2024-05-31 14:11:00,17.63,20.62,17.94,300.00,4.71,1.29
2024-05-31 14:11:10,17.61,20.62,17.85,300.00,4.96,1.07
2024-05-31 14:11:20,17.60,20.62,17.94,300.00,5.64,1.27
2024-05-31 14:11:30,17.59,20.62,17.89,300.00,4.68,1.09
2024-05-31 14:11:40,17.57,20.62,17.99,300.00,4.50,1.04
2024-05-31 14:11:50,17.56,20.62,17.75,300.00,4.31,1.25
2024-05-31 14:12:00,17.55,20.62,17.99,300.00,4.72,1.10
2024-05-31 14:12:10,17.44,20.62,17.85,300.00,5.32,1.24
2024-05-31 14:12:20,17.54,20.62,17.89,300.00,5.10,1.27
2024-05-31 14:12:30,17.52,20.62,17.89,300.00,4.55,1.09
2024-05-31 14:12:40,17.52,20.62,17.89,300.00,4.36,1.25
2024-05-31 14:12:50,17.51,20.62,17.80,300.00,4.62,1.15
2024-05-31 14:13:00,17.51,20.62,17.85,300.00,5.13,1.19
2024-05-31 14:13:10,17.50,20.50,17.75,300.00,4.95,1.05
2024-05-31 14:13:20,17.48,20.50,17.80,300.00,4.79,1.20
2024-05-31 14:13:30,17.47,20.50,17.75,300.00,4.75,1.28
2024-05-31 14:13:40,17.47,20.50,17.85,300.00,5.09,1.01
2024-05-31 14:13:50,17.46,20.38,17.71,300.00,4.80,1.22
2024-05-31 14:14:00,17.43,20.38,17.85,300.00,4.63,1.27
2024-05-31 14:14:10,17.41,20.38,18.41,300.00,4.59,0.94
2024-05-31 14:14:20,17.40,20.38,17.80,300.00,4.27,1.08
2024-05-31 14:14:30,17.39,20.25,17.80,300.00,4.47,1.27
2024-05-31 14:14:40,17.37,20.25,17.75,300.00,4.98,1.24
2024-05-31 14:14:50,17.35,20.25,17.71,300.00,5.52,1.25
2024-05-31 14:15:00,17.33,20.12,17.71,300.00,4.42,1.05
2024-05-31 14:15:10,17.31,20.12,18.41,300.00,4.57,1.29
2024-05-31 14:15:20,17.30,20.12,18.41,300.00,4.54,1.33
2024-05-31 14:15:30,17.29,20.00,18.37,300.00,4.88,1.27
2024-05-31 14:15:40,17.26,20.00,17.61,300.00,5.17,1.15
2024-05-31 14:15:50,17.25,20.00,17.57,300.00,4.94,1.13
2024-05-31 14:16:00,17.22,20.00,17.57,300.00,5.41,1.03
2024-05-31 14:16:10,17.22,20.00,17.57,300.00,5.30,1.32
2024-05-31 14:16:20,17.20,20.00,17.57,300.00,5.32,1.26
2024-05-31 14:16:30,17.18,20.00,18.32,300.00,5.23,1.19
2024-05-31 14:16:40,17.18,20.00,17.57,300.00,5.39,1.22
2024-05-31 14:16:50,17.17,20.00,17.57,300.00,5.51,1.21
2024-05-31 14:17:00,17.15,20.12,17.57,300.00,4.87,1.16
2024-05-31 14:17:10,17.15,20.12,17.52,300.00,5.24,1.13
2024-05-31 14:17:20,17.14,20.12,17.57,300.00,5.20,1.04
2024-05-31 14:17:30,17.12,20.12,17.57,300.00,5.10,1.41
2024-05-31 14:17:40,17.12,20.12,17.57,300.00,5.19,1.13
2024-05-31 14:17:50,17.11,20.00,17.52,300.00,4.57,1.14
2024-05-31 14:18:00,17.10,20.00,17.52,300.00,5.03,1.11
2024-05-31 14:18:10,17.08,20.00,17.47,300.00,4.94,1.15
2024-05-31 14:18:20,17.07,20.00,17.42,300.00,4.87,1.21
2024-05-31 14:18:30,17.06,20.00,17.42,300.00,4.98,1.15
2024-05-31 14:18:40,17.04,19.88,17.57,300.00,5.10,1.14
2024-05-31 14:18:50,17.02,19.88,17.47,300.00,5.34,1.24
2024-05-31 14:19:00,17.01,19.88,17.28,300.00,5.36,1.26
2024-05-31 14:19:10,17.00,19.88,17.47,300.00,5.87,1.29
2024-05-31 14:19:20,16.98,19.75,17.38,300.00,5.39,1.29
2024-05-31 14:19:30,16.96,19.75,17.47,300.00,5.06,1.17
2024-05-31 14:19:40,16.94,19.75,17.42,300.00,5.19,1.21
2024-05-31 14:19:50,16.92,19.75,17.33,300.00,4.74,1.31
2024-05-31 14:20:00,16.90,19.62,17.28,300.00,5.71,1.07
2024-05-31 14:20:10,16.88,19.62,17.24,300.00,5.62,1.02
2024-05-31 14:20:20,16.87,19.50,17.28,300.00,5.52,1.02
2024-05-31 14:20:30,16.84,19.50,17.33,300.00,5.60,1.23
2024-05-31 14:20:40,16.82,19.50,17.28,300.00,5.45,1.25
2024-05-31 14:20:50,16.82,19.50,17.28,300.00,5.93,1.19
2024-05-31 14:21:00,16.80,19.50,17.24,300.00,5.90,1.06
2024-05-31 14:21:10,16.79,19.50,17.24,300.00,5.85,1.14
2024-05-31 14:21:20,16.77,19.50,17.28,300.00,5.35,1.26
2024-05-31 14:21:30,16.77,19.50,17.14,300.00,5.84,1.03
2024-05-31 14:21:40,16.75,19.50,17.09,300.00,6.15,1.12
2024-05-31 14:21:50,16.74,19.50,17.19,300.00,5.39,1.28
2024-05-31 14:22:00,16.73,19.62,17.09,300.00,5.10,1.03
2024-05-31 14:22:10,16.73,19.62,17.09,300.00,5.71,1.19
2024-05-31 14:22:20,16.71,19.62,17.09,300.00,5.41,1.24
2024-05-31 14:22:30,16.71,19.62,17.19,300.00,5.51,1.29
2024-05-31 14:22:40,16.71,19.62,17.14,300.00,5.82,1.01
2024-05-31 14:22:50,16.70,19.62,17.00,300.00,5.63,1.15
2024-05-31 14:23:00,16.71,19.62,17.09,300.00,5.84,1.17
2024-05-31 14:23:10,16.67,19.50,17.05,300.00,5.71,0.98
2024-05-31 14:23:20,16.68,19.50,17.09,300.00,5.61,1.36
2024-05-31 14:23:30,16.66,19.50,17.05,300.00,5.68,1.25
2024-05-31 14:23:40,16.65,19.50,17.05,300.00,5.65,1.17
2024-05-31 14:23:50,16.65,19.50,17.00,300.00,5.66,1.06
2024-05-31 14:24:00,16.64,19.38,17.14,300.00,5.82,1.07
2024-05-31 14:24:10,16.62,19.38,17.09,300.00,5.50,1.28
2024-05-31 14:24:20,16.61,19.38,17.24,300.00,5.89,1.16
2024-05-31 14:24:30,16.60,19.38,17.09,300.00,5.38,1.20
2024-05-31 14:24:40,16.60,19.38,17.05,300.00,5.89,1.23
2024-05-31 14:24:50,16.57,19.25,17.09,300.00,5.49,1.22
2024-05-31 14:25:00,16.56,19.25,17.00,300.00,5.65,1.19
2024-05-31 14:25:10,16.54,19.12,17.00,300.00,5.98,1.07
2024-05-31 14:25:20,16.53,19.12,17.09,300.00,5.65,1.02
2024-05-31 14:25:30,16.53,19.12,17.66,300.00,6.18,1.31
2024-05-31 14:25:40,16.51,19.12,17.00,300.00,5.29,1.25
2024-05-31 14:25:50,16.50,19.12,17.66,300.00,5.95,1.29
2024-05-31 14:26:00,16.50,19.12,17.00,300.00,6.02,1.03
2024-05-31 14:26:10,16.48,19.12,16.95,300.00,5.28,1.12
2024-05-31 14:26:20,16.47,19.25,16.20,300.00,5.59,1.06
2024-05-31 14:26:30,16.46,19.25,16.91,300.00,5.55,1.30
2024-05-31 14:26:40,16.45,19.25,16.95,300.00,5.53,1.21
2024-05-31 14:26:50,16.46,19.25,16.95,300.00,6.09,0.98
2024-05-31 14:27:00,16.44,19.38,16.86,300.00,5.41,1.35
2024-05-31 14:27:10,16.43,19.38,17.00,300.00,5.70,1.28
2024-05-31 14:27:20,16.42,19.38,17.66,300.00,5.76,1.10
2024-05-31 14:27:30,16.41,19.38,16.20,300.00,5.64,1.13
2024-05-31 14:27:40,16.42,19.38,16.86,300.00,6.06,1.10
2024-05-31 14:27:50,16.41,19.25,17.00,300.00,5.80,1.07
2024-05-31 14:28:00,16.41,19.25,16.20,300.00,6.07,1.08
2024-05-31 14:28:10,16.39,19.25,16.86,300.00,5.56,1.08
2024-05-31 14:28:20,16.39,19.25,16.20,300.00,6.39,0.98
2024-05-31 14:28:30,16.39,19.25,16.95,300.00,6.05,1.07
2024-05-31 14:28:40,16.38,19.25,16.20,300.00,5.87,1.13
2024-05-31 14:28:50,16.39,19.25,16.95,300.00,6.43,1.31
2024-05-31 14:29:00,16.38,19.12,17.00,300.00,5.73,1.22
2024-05-31 14:29:10,16.36,19.12,17.57,300.00,5.84,1.25
2024-05-31 14:29:20,16.36,19.12,16.86,300.00,5.68,1.21
2024-05-31 14:29:30,16.35,19.12,16.86,300.00,6.51,1.25
2024-05-31 14:29:40,16.34,19.12,16.91,300.00,5.30,1.19
2024-05-31 14:29:50,16.34,19.12,16.91,300.00,5.86,1.26
2024-05-31 14:30:00,16.34,19.00,16.81,300.00,5.96,1.30
2024-05-31 14:30:10,16.32,19.00,16.77,300.00,6.05,1.12
2024-05-31 14:30:20,16.32,19.00,16.86,300.00,5.65,1.05
2024-05-31 14:30:30,16.32,19.00,16.86,300.00,5.94,1.19
2024-05-31 14:30:40,16.32,19.00,16.86,300.00,6.00,1.03
2024-05-31 14:30:50,16.32,19.00,16.86,300.00,6.31,1.02
2024-05-31 14:31:00,16.31,19.00,16.86,300.00,6.06,1.08
2024-05-31 14:31:10,16.31,19.00,16.95,300.00,6.65,1.14
2024-05-31 14:31:20,16.31,19.00,16.86,300.00,7.07,1.26
2024-05-31 14:31:30,16.30,19.00,16.91,300.00,6.29,1.28
2024-05-31 14:31:40,16.32,19.12,16.91,300.00,6.32,1.20
2024-05-31 14:31:50,16.31,19.12,16.77,300.00,6.30,1.18
2024-05-31 14:32:00,16.33,19.12,16.86,300.00,6.16,1.19
2024-05-31 14:32:10,16.32,19.25,16.86,300.00,5.71,1.15
2024-05-31 14:32:20,16.33,19.25,17.66,300.00,5.72,1.29
2024-05-31 14:32:30,16.33,19.25,16.91,300.00,6.27,1.30
2024-05-31 14:32:40,16.33,19.25,16.86,300.00,6.07,1.23
2024-05-31 14:32:50,16.34,19.25,16.86,300.00,6.29,1.20
2024-05-31 14:33:00,16.34,19.25,16.20,300.00,6.03,1.30
2024-05-31 14:33:10,16.34,19.25,16.20,300.00,6.37,1.27
2024-05-31 14:33:20,16.34,19.25,16.91,300.00,6.50,1.25
2024-05-31 14:33:30,16.34,19.25,16.29,300.00,5.98,1.24
2024-05-31 14:33:40,16.34,19.12,16.95,300.00,6.18,1.11
2024-05-31 14:33:50,16.34,19.12,17.66,300.00,6.78,1.09
2024-05-31 14:34:00,16.34,19.12,16.95,300.00,6.05,1.21
2024-05-31 14:34:10,16.34,19.12,17.00,300.00,5.81,1.23
2024-05-31 14:34:20,16.36,19.12,16.95,300.00,6.13,1.26
2024-05-31 14:34:30,16.35,19.12,17.05,300.00,6.75,1.22
2024-05-31 14:34:40,16.36,19.12,17.09,300.00,6.75,1.23
2024-05-31 14:34:50,16.35,19.12,16.91,300.00,6.67,1.26
2024-05-31 14:35:00,16.35,19.12,16.95,300.00,6.22,1.28
2024-05-31 14:35:10,16.35,19.00,16.95,300.00,6.27,1.25
2024-05-31 14:35:20,16.35,19.00,16.95,300.00,6.33,1.23
2024-05-31 14:35:30,16.36,19.00,17.00,300.00,6.47,1.30
2024-05-31 14:35:40,16.36,19.12,17.05,300.00,6.76,1.15
2024-05-31 14:35:50,16.36,19.12,17.00,300.00,6.51,1.15
2024-05-31 14:36:00,16.36,19.12,17.05,300.00,6.58,1.19
2024-05-31 14:36:10,16.37,19.12,17.00,300.00,6.36,1.08
2024-05-31 14:36:20,16.37,19.12,17.05,300.00,6.23,1.21
2024-05-31 14:36:30,16.37,19.12,16.95,300.00,6.09,1.22
2024-05-31 14:36:40,16.38,19.25,17.00,300.00,6.50,1.21
2024-05-31 14:36:50,16.39,19.25,16.95,300.00,6.64,1.19
2024-05-31 14:37:00,16.39,19.38,17.05,300.00,6.38,1.22
2024-05-31 14:37:10,16.39,19.38,17.14,300.00,7.21,1.35
2024-05-31 14:37:20,16.41,19.38,17.09,300.00,6.09,1.21
2024-05-31 14:37:30,16.41,19.38,17.05,300.00,6.33,1.28
2024-05-31 14:37:40,16.42,19.38,17.19,300.00,6.48,1.26
2024-05-31 14:37:50,16.44,19.38,17.14,300.00,5.97,1.27
2024-05-31 14:38:00,16.45,19.38,17.19,300.00,6.10,1.24
2024-05-31 14:38:10,16.46,19.38,17.09,300.00,6.41,1.26
2024-05-31 14:38:20,16.47,19.38,17.19,300.00,6.90,1.20
2024-05-31 14:38:30,16.47,19.38,17.19,300.00,6.61,1.22
2024-05-31 14:38:40,16.50,19.38,17.09,300.00,6.27,1.24
2024-05-31 14:38:50,16.51,19.38,17.19,300.00,6.41,1.15
2024-05-31 14:39:00,16.52,19.38,17.19,300.00,7.02,1.20
2024-05-31 14:39:10,16.53,19.38,17.33,300.00,6.47,1.22
2024-05-31 14:39:20,16.54,19.38,17.28,300.00,6.47,1.08
2024-05-31 14:39:30,16.56,19.38,17.24,300.00,6.06,1.20
2024-05-31 14:39:40,16.57,19.38,17.38,300.00,6.50,1.11
2024-05-31 14:39:50,16.59,19.38,17.28,300.00,6.91,1.23
2024-05-31 14:40:00,16.60,19.38,17.38,300.00,6.97,1.24
2024-05-31 14:40:10,16.61,19.38,17.42,300.00,7.11,1.21
2024-05-31 14:40:20,16.63,19.38,17.28,300.00,6.67,1.21
2024-05-31 14:40:30,16.64,19.38,17.38,300.00,6.68,1.22
2024-05-31 14:40:40,16.66,19.38,17.42,300.00,5.97,1.15
2024-05-31 14:40:50,16.67,19.38,17.38,300.00,6.36,1.12
2024-05-31 14:41:00,16.69,19.50,17.42,300.00,7.09,1.16
2024-05-31 14:41:10,16.69,19.50,17.52,300.00,6.53,1.28
2024-05-31 14:41:20,16.72,19.50,17.52,300.00,6.28,1.22
2024-05-31 14:41:30,16.72,19.62,17.52,300.00,6.61,1.27
2024-05-31 14:41:40,16.76,19.62,17.52,300.00,6.53,1.21
2024-05-31 14:41:50,16.76,19.62,17.57,300.00,6.92,1.33
2024-05-31 14:42:00,16.79,19.75,17.57,300.00,6.51,1.21
2024-05-31 14:42:10,16.81,19.88,18.37,300.00,7.19,1.18
2024-05-31 14:42:20,16.83,19.88,18.41,300.00,7.02,1.07
2024-05-31 14:42:30,16.86,19.88,17.66,300.00,6.75,1.14
2024-05-31 14:42:40,16.89,19.88,17.61,300.00,6.24,1.22
2024-05-31 14:42:50,16.91,19.88,17.71,300.00,6.97,1.26
2024-05-31 14:43:00,16.94,19.88,16.95,300.00,6.55,1.22
2024-05-31 14:43:10,16.96,20.00,17.80,300.00,6.85,1.13
2024-05-31 14:43:20,16.98,20.00,17.80,300.00,6.88,1.05
2024-05-31 14:43:30,17.02,20.00,17.85,300.00,7.39,1.21
2024-05-31 14:43:40,17.03,20.00,17.85,300.00,6.77,1.22
2024-05-31 14:43:50,17.07,20.00,17.89,300.00,7.07,1.17
2024-05-31 14:44:00,17.10,20.00,17.89,300.00,6.60,1.13
2024-05-31 14:44:10,17.12,20.00,17.94,300.00,7.02,1.08
2024-05-31 14:44:20,17.14,20.00,17.94,300.00,6.61,1.26
2024-05-31 14:44:30,17.17,20.12,18.04,300.00,7.18,1.19
2024-05-31 14:44:40,17.20,20.12,18.04,300.00,6.41,1.03
2024-05-31 14:44:50,17.23,20.12,18.08,300.00,6.85,1.13
2024-05-31 14:45:00,17.25,20.12,18.13,300.00,6.88,1.22
2024-05-31 14:45:10,17.28,20.12,18.18,300.00,7.00,1.14
2024-05-31 14:45:20,17.31,20.12,18.22,300.00,7.48,1.18
2024-05-31 14:45:30,17.35,20.12,18.22,300.00,6.26,1.19
2024-05-31 14:45:40,17.38,20.12,18.32,300.00,6.54,1.12
2024-05-31 14:45:50,17.42,20.25,18.27,300.00,6.82,1.10
2024-05-31 14:46:00,17.45,20.25,18.27,300.00,6.63,1.24
2024-05-31 14:46:10,17.50,20.38,18.37,300.00,6.75,1.22
2024-05-31 14:46:20,17.53,20.38,17.75,300.00,6.68,1.18
2024-05-31 14:46:30,17.56,20.38,17.71,300.00,6.53,1.07
2024-05-31 14:46:40,17.60,20.50,18.51,300.00,6.08,1.20
2024-05-31 14:46:50,17.66,20.50,18.55,300.00,6.46,1.27
2024-05-31 14:47:00,17.69,20.62,18.55,300.00,6.45,1.14
2024-05-31 14:47:10,17.73,20.75,18.65,300.00,6.77,1.09
2024-05-31 14:47:20,17.77,20.75,18.74,300.00,6.37,1.23
2024-05-31 14:47:30,17.82,20.88,18.74,300.00,6.52,1.19
2024-05-31 14:47:40,17.88,20.88,18.69,300.00,6.92,1.16
2024-05-31 14:47:50,17.93,20.88,18.79,300.00,6.39,1.16
2024-05-31 14:48:00,17.98,20.88,18.84,300.00,6.38,1.11
2024-05-31 14:48:10,18.02,21.00,18.88,300.00,6.44,1.03
2024-05-31 14:48:20,18.07,21.00,18.93,300.00,6.51,1.16
2024-05-31 14:48:30,18.12,21.00,19.07,300.00,6.55,1.21
2024-05-31 14:48:40,18.17,21.00,19.17,300.00,6.64,1.03
2024-05-31 14:48:50,18.22,21.12,19.12,300.00,6.70,1.13
2024-05-31 14:49:00,18.27,21.12,19.12,300.00,6.24,1.21
2024-05-31 14:49:10,18.31,21.12,19.26,300.00,5.98,1.18
2024-05-31 14:49:20,18.36,21.25,19.35,300.00,6.94,1.01
2024-05-31 14:49:30,18.41,21.25,19.40,300.00,6.51,1.21
2024-05-31 14:49:40,18.44,21.25,19.40,300.00,6.61,1.21
2024-05-31 14:49:50,18.49,21.25,19.49,300.00,6.31,1.22
2024-05-31 14:50:00,18.55,21.38,19.59,300.00,6.40,1.04
2024-05-31 14:50:10,18.58,21.25,19.59,300.00,6.08,1.21
2024-05-31 14:50:20,18.64,21.38,19.64,300.00,6.71,1.23
2024-05-31 14:50:30,18.69,21.38,19.68,300.00,5.91,1.12
2024-05-31 14:50:40,18.73,21.50,19.73,300.00,6.49,1.20
2024-05-31 14:50:50,18.79,21.50,19.73,300.00,6.76,1.17
2024-05-31 14:51:00,18.84,21.62,19.78,300.00,6.85,1.09
2024-05-31 14:51:10,18.90,21.62,19.87,300.00,6.24,1.02
2024-05-31 14:51:20,17.65,21.75,19.92,300.00,6.52,1.22
2024-05-31 14:51:30,19.00,21.75,20.62,300.00,6.29,1.16
2024-05-31 14:51:40,19.05,21.88,20.01,300.00,5.91,1.11
2024-05-31 14:51:50,19.11,22.00,20.06,300.00,6.12,1.16
2024-05-31 14:52:00,19.17,22.12,20.06,300.00,6.17,1.10
2024-05-31 14:52:10,19.21,22.12,20.29,300.00,6.27,1.21
2024-05-31 14:52:20,19.28,22.25,20.20,300.00,5.90,1.19
2024-05-31 14:52:30,19.34,22.25,20.34,300.00,6.32,1.06
2024-05-31 14:52:40,19.41,22.38,20.44,300.00,6.08,1.20
2024-05-31 14:52:50,19.46,22.38,20.48,300.00,5.96,1.10
2024-05-31 14:53:00,19.52,22.38,20.58,300.00,6.46,1.20
2024-05-31 14:53:10,19.58,22.50,20.48,300.00,6.14,1.17
2024-05-31 14:53:20,19.63,22.50,20.58,300.00,6.23,1.16
2024-05-31 14:53:30,19.69,22.50,20.67,300.00,6.58,1.04
2024-05-31 14:53:40,19.74,22.62,20.77,300.00,6.42,1.22
2024-05-31 14:53:50,19.80,22.62,20.77,300.00,5.54,1.07
2024-05-31 14:54:00,19.86,22.62,20.86,300.00,5.99,1.20
2024-05-31 14:54:10,19.93,22.75,20.95,300.00,6.17,1.07
2024-05-31 14:54:20,19.99,22.75,21.14,300.00,5.94,1.11
2024-05-31 14:54:30,20.04,22.88,21.14,300.00,6.13,1.18
2024-05-31 14:54:40,20.10,22.88,21.19,300.00,6.25,1.17
2024-05-31 14:54:50,20.17,22.88,21.19,300.00,5.17,1.07
2024-05-31 14:55:00,20.22,23.00,21.24,300.00,5.83,1.19
2024-05-31 14:55:10,20.29,23.00,21.38,300.00,6.04,1.05
2024-05-31 14:55:20,20.35,23.00,22.18,300.00,6.14,1.21
2024-05-31 14:55:30,20.42,23.12,21.47,300.00,5.82,1.12
2024-05-31 14:55:40,20.49,23.12,21.52,300.00,5.78,1.08
2024-05-31 14:55:50,20.56,23.25,21.57,300.00,6.19,1.19
2024-05-31 14:56:00,20.62,23.25,21.71,300.00,6.15,1.07
2024-05-31 14:56:10,20.69,23.38,21.71,300.00,6.04,1.22
2024-05-31 14:56:20,20.75,23.50,21.85,300.00,5.76,1.07
2024-05-31 14:56:30,20.82,23.50,21.94,300.00,5.34,1.17
2024-05-31 14:56:40,20.90,23.62,21.94,300.00,5.71,1.20
2024-05-31 14:56:50,20.97,23.75,22.04,300.00,5.71,1.07
2024-05-31 14:57:00,21.06,23.88,22.08,300.00,5.29,1.15
2024-05-31 14:57:10,21.13,24.00,22.13,300.00,5.72,1.19
2024-05-31 14:57:20,21.22,24.00,22.27,300.00,5.61,1.13
2024-05-31 14:57:30,21.28,24.12,22.41,300.00,5.61,1.14
2024-05-31 14:57:40,21.37,24.12,22.46,300.00,5.33,1.16
2024-05-31 14:57:50,21.46,24.25,22.55,300.00,5.55,0.14
2024-05-31 14:58:00,21.53,24.25,22.69,300.00,5.59,0.70
2024-05-31 14:58:10,21.61,24.38,22.69,300.00,5.14,1.19
2024-05-31 14:58:20,21.67,24.38,22.79,300.00,5.15,1.16
2024-05-31 14:58:30,21.75,24.50,22.79,300.00,5.09,1.18
2024-05-31 14:58:40,21.84,24.50,22.93,300.00,4.61,0.92
2024-05-31 14:58:50,21.90,24.62,22.98,300.00,5.15,0.51
2024-05-31 14:59:00,21.98,24.62,23.07,300.00,5.20,2.00
2024-05-31 14:59:10,22.04,24.75,23.21,300.00,4.84,0.78
2024-05-31 14:59:20,22.11,24.75,23.26,300.00,4.88,1.41
2024-05-31 14:59:30,22.18,24.88,23.26,300.00,4.52,1.69
2024-05-31 14:59:40,22.24,24.88,23.31,300.00,4.71,1.04
2024-05-31 14:59:50,22.31,25.00,23.40,300.00,4.64,1.19
2024-05-31 15:00:00,22.37,25.00,23.45,300.00,4.55,1.12
2024-05-31 15:00:10,22.43,25.00,23.54,300.00,4.92,1.04
2024-05-31 15:00:20,22.50,25.00,23.64,300.00,4.26,1.20
2024-05-31 15:00:30,22.53,25.12,23.64,300.00,4.96,1.17
2024-05-31 15:00:40,22.62,25.25,24.44,300.00,4.58,1.27
2024-05-31 15:00:50,22.68,25.25,23.78,300.00,4.74,1.22
2024-05-31 15:01:00,22.73,25.38,23.78,300.00,4.69,1.30
2024-05-31 15:01:10,22.78,25.50,23.78,300.00,3.89,1.17
2024-05-31 15:01:20,22.83,25.50,23.92,300.00,4.98,1.26
2024-05-31 15:01:30,22.87,25.62,23.97,300.00,5.01,1.34
2024-05-31 15:01:40,22.93,25.62,24.06,300.00,3.87,1.19
2024-05-31 15:01:50,22.97,25.75,24.06,300.00,4.31,1.42
2024-05-31 15:02:00,23.02,25.88,24.15,300.00,4.57,1.39
2024-05-31 15:02:10,23.08,25.88,24.25,300.00,4.54,1.36
2024-05-31 15:02:20,23.11,26.00,24.29,300.00,4.68,1.36
2024-05-31 15:02:30,23.15,26.00,24.20,300.00,3.93,1.39
2024-05-31 15:02:40,23.19,26.12,24.29,300.00,4.44,1.40
2024-05-31 15:02:50,23.22,26.12,24.34,300.00,5.69,1.30
2024-05-31 15:03:00,23.26,26.12,24.34,300.00,4.29,1.33
2024-05-31 15:03:10,23.28,26.12,24.53,300.00,4.21,1.29
2024-05-31 15:03:20,23.32,26.25,24.44,300.00,3.98,1.34
2024-05-31 15:03:30,23.33,26.25,25.14,300.00,4.34,1.38
2024-05-31 15:03:40,23.35,26.25,23.73,300.00,4.01,1.49
2024-05-31 15:03:50,23.39,26.25,24.48,300.00,3.95,1.21
2024-05-31 15:04:00,23.41,26.25,24.53,300.00,4.38,1.25
2024-05-31 15:04:10,23.43,26.25,24.53,300.00,3.61,1.33
2024-05-31 15:04:20,23.44,26.25,24.58,300.00,4.53,1.32
2024-05-31 15:04:30,23.44,26.25,24.58,300.00,3.95,1.33
2024-05-31 15:04:40,23.45,26.25,23.78,300.00,3.49,1.37
2024-05-31 15:04:50,23.44,26.25,24.62,300.00,3.66,1.40
2024-05-31 15:05:00,23.41,26.25,24.53,300.00,3.99,1.27
2024-05-31 15:05:10,23.46,26.25,25.19,300.00,3.93,1.43
2024-05-31 15:05:20,23.46,26.25,24.48,300.00,3.89,1.36
2024-05-31 15:05:30,23.46,26.25,24.58,300.00,4.08,1.31
2024-05-31 15:05:40,23.46,26.25,24.48,300.00,3.52,1.41
2024-05-31 15:05:50,23.45,26.25,25.19,300.00,3.62,1.42
2024-05-31 15:06:00,23.45,26.25,25.19,300.00,3.85,1.28
2024-05-31 15:06:10,23.44,26.25,24.44,300.00,3.74,1.24
2024-05-31 15:06:20,23.43,26.25,25.14,300.00,3.50,1.36
2024-05-31 15:06:30,23.42,26.25,25.09,300.00,3.45,1.34
2024-05-31 15:06:40,23.41,26.38,24.34,300.00,3.11,1.33
2024-05-31 15:06:50,23.39,26.38,24.44,300.00,3.84,1.41
2024-05-31 15:07:00,23.39,26.38,24.34,300.00,3.56,1.30
2024-05-31 15:07:10,23.35,26.38,24.25,300.00,2.96,1.27
2024-05-31 15:07:20,23.34,26.38,24.20,300.00,3.57,1.29
2024-05-31 15:07:30,23.33,26.38,24.25,300.00,3.64,1.43
2024-05-31 15:07:40,23.32,26.38,24.25,300.00,3.74,1.29
2024-05-31 15:07:50,23.30,26.38,24.15,300.00,3.24,1.37
2024-05-31 15:08:00,23.28,26.25,24.15,300.00,3.69,1.30
2024-05-31 15:08:10,23.25,26.25,24.20,300.00,3.21,1.27
2024-05-31 15:08:20,23.24,26.25,24.11,300.00,3.54,1.38
2024-05-31 15:08:30,23.20,26.12,24.11,300.00,3.25,1.28
2024-05-31 15:08:40,23.17,26.12,24.06,300.00,4.21,1.42
2024-05-31 15:08:50,23.15,26.12,23.97,300.00,2.82,1.33
2024-05-31 15:9:00,23.10,26.00,23.92,300.00,3.38,1.14
2024-05-31 15:9:10,23.07,26.00,23.92,300.00,3.44,1.41
2024-05-31 15:9:20,23.02,25.88,23.82,300.00,3.06,1.40
2024-05-31 15:9:30,22.97,25.88,24.44,300.00,3.35,1.38
2024-05-31 15:9:40,22.90,25.88,24.44,300.00,2.90,1.33
2024-05-31 15:9:50,22.90,25.75,22.98,300.00,3.13,1.26
2024-05-31 15:10:00,22.85,25.75,23.59,300.00,2.70,1.36
2024-05-31 15:10:10,22.81,25.62,23.59,300.00,2.75,1.43
2024-05-31 15:10:20,22.76,25.50,23.59,300.00,2.64,1.40
2024-05-31 15:10:30,22.71,25.50,23.45,300.00,3.16,1.26
2024-05-31 15:10:40,22.65,25.50,23.40,300.00,2.76,1.30
2024-05-31 15:10:50,22.60,25.38,23.31,300.00,2.66,1.42
2024-05-31 15:11:00,22.56,25.38,23.21,300.00,3.41,1.38
2024-05-31 15:11:10,22.50,25.38,23.17,300.00,2.81,1.20
2024-05-31 15:11:20,22.46,25.38,23.12,300.00,2.93,1.40
2024-05-31 15:11:30,22.39,25.25,23.07,300.00,3.54,1.28
2024-05-31 15:11:40,22.35,25.25,22.98,300.00,2.56,1.26
2024-05-31 15:11:50,22.29,25.25,23.02,300.00,2.54,1.30
2024-05-31 15:12:00,22.23,25.25,22.88,300.00,2.65,1.30
2024-05-31 15:12:10,22.18,25.25,22.84,300.00,3.13,1.21
2024-05-31 15:12:20,22.13,25.12,22.69,300.00,2.57,1.37
2024-05-31 15:12:30,22.06,25.12,22.69,300.00,2.97,1.32
2024-05-31 15:12:40,22.00,25.00,22.60,300.00,3.11,1.46
2024-05-31 15:12:50,21.95,25.00,22.55,300.00,3.21,1.16
2024-05-31 15:13:00,21.90,24.88,22.51,300.00,3.13,1.28
2024-05-31 15:13:10,21.83,24.75,22.32,300.00,2.82,1.34
2024-05-31 15:13:20,21.75,24.75,22.22,300.00,2.63,1.30
2024-05-31 15:13:30,21.70,24.62,22.93,300.00,3.36,1.15
2024-05-31 15:13:40,21.63,24.50,22.18,300.00,3.37,1.30
2024-05-31 15:13:50,21.57,24.50,22.13,300.00,2.75,1.30
2024-05-31 15:14:00,21.51,24.38,21.94,300.00,3.15,1.27
2024-05-31 15:14:10,21.36,24.38,21.94,300.00,2.67,1.25
2024-05-31 15:14:20,21.37,24.25,21.85,300.00,2.93,1.29
2024-05-31 15:14:30,21.29,24.12,21.71,300.00,2.62,1.36
2024-05-31 15:14:40,21.22,24.12,21.66,300.00,2.79,1.31
2024-05-31 15:14:50,21.15,24.00,21.52,300.00,2.92,1.33
2024-05-31 15:15:00,21.08,23.88,21.61,300.00,3.21,1.39
2024-05-31 15:15:10,21.01,23.75,20.72,300.00,3.07,1.32
2024-05-31 15:15:20,20.94,23.62,21.38,300.00,4.24,1.18
2024-05-31 15:15:30,20.86,23.62,21.28,300.00,3.58,1.41
2024-05-31 15:15:40,20.79,23.50,21.24,300.00,3.19,1.23
2024-05-31 15:15:50,20.71,23.50,21.05,300.00,2.85,1.29
2024-05-31 15:16:00,20.64,23.38,21.00,300.00,3.29,1.35
2024-05-31 15:16:10,20.57,23.38,20.95,300.00,3.16,1.22
2024-05-31 15:16:20,20.50,23.25,20.91,300.00,3.26,1.28
2024-05-31 15:16:30,20.41,23.25,20.81,300.00,2.73,1.28
2024-05-31 15:16:40,20.33,23.12,20.67,300.00,3.50,1.21
2024-05-31 15:16:50,20.25,23.12,20.58,300.00,3.04,1.37
2024-05-31 15:17:00,20.19,23.12,20.53,300.00,2.38,1.39
2024-05-31 15:17:10,20.11,23.12,20.53,300.00,3.07,1.31
2024-05-31 15:17:20,19.91,23.00,20.29,300.00,3.01,1.30
2024-05-31 15:17:30,19.96,23.00,20.29,300.00,2.66,1.29
2024-05-31 15:17:40,19.90,22.88,20.25,300.00,3.12,1.17
2024-05-31 15:17:50,19.81,22.75,20.20,300.00,4.34,1.21
2024-05-31 15:18:00,19.75,22.75,20.06,300.00,3.45,1.22
2024-05-31 15:18:10,19.67,22.62,20.62,300.00,2.77,1.25
2024-05-31 15:18:20,19.60,22.50,19.78,300.00,3.01,1.25
2024-05-31 15:18:30,19.54,22.50,19.82,300.00,2.98,1.19
2024-05-31 15:18:40,19.46,22.38,19.73,300.00,2.78,1.28
2024-05-31 15:18:50,19.39,22.25,19.54,300.00,3.13,1.33
2024-05-31 15:19:00,19.31,22.12,19.68,300.00,3.30,1.25
2024-05-31 15:19:10,19.24,22.12,19.54,300.00,2.80,1.14
2024-05-31 15:19:20,19.15,22.00,19.45,300.00,3.26,1.22
2024-05-31 15:19:30,19.07,21.88,19.26,300.00,2.98,1.34
2024-05-31 15:19:40,18.99,21.75,19.21,300.00,3.49,1.30
2024-05-31 15:19:50,18.90,21.75,19.07,300.00,2.85,1.23
2024-05-31 15:20:00,18.81,21.62,19.07,300.00,2.58,1.37
2024-05-31 15:20:10,18.74,21.50,18.88,300.00,2.55,1.23
2024-05-31 15:20:20,18.67,21.38,18.88,300.00,2.71,1.19
2024-05-31 15:20:30,18.59,21.38,18.84,300.00,3.01,1.16
2024-05-31 15:20:40,18.51,21.25,18.74,300.00,2.74,1.21
2024-05-31 15:20:50,18.44,21.12,18.69,300.00,3.69,1.14
2024-05-31 15:21:00,18.36,21.12,18.51,300.00,3.57,1.26
2024-05-31 15:21:10,18.29,21.00,18.46,300.00,2.89,1.22
2024-05-31 15:21:20,18.20,21.00,18.46,300.00,3.20,1.19
2024-05-31 15:21:30,18.14,20.88,18.32,300.00,3.46,1.24
2024-05-31 15:21:40,18.06,20.88,18.27,300.00,3.04,1.22
2024-05-31 15:21:50,17.97,20.88,18.08,300.00,2.76,1.23
2024-05-31 15:22:00,17.91,20.88,18.18,300.00,2.97,1.18
2024-05-31 15:22:10,17.82,20.75,17.99,300.00,3.60,1.25
2024-05-31 15:22:20,17.75,20.75,17.80,300.00,2.93,1.31
2024-05-31 15:22:30,17.68,20.62,17.80,300.00,3.59,1.22
2024-05-31 15:22:40,17.61,20.50,17.75,300.00,3.34,1.24
2024-05-31 15:22:50,17.54,20.50,18.41,300.00,3.07,1.30
2024-05-31 15:23:00,17.46,20.38,17.52,300.00,3.54,1.30
2024-05-31 15:23:10,17.39,20.25,17.52,300.00,2.82,1.19
2024-05-31 15:23:20,17.31,20.25,17.42,300.00,3.14,1.28
2024-05-31 15:23:30,17.23,20.12,17.28,300.00,3.20,1.24
2024-05-31 15:23:40,17.15,20.00,17.33,300.00,3.40,1.18
2024-05-31 15:23:50,17.07,19.88,17.28,300.00,3.33,1.26
2024-05-31 15:24:00,16.98,19.88,17.05,300.00,2.72,1.20
2024-05-31 15:24:10,16.87,19.75,17.05,300.00,2.39,1.22
2024-05-31 15:24:20,16.78,19.62,17.66,300.00,2.92,1.21
2024-05-31 15:24:30,16.69,19.50,16.77,300.00,2.61,1.21
2024-05-31 15:24:40,16.59,19.50,16.72,300.00,2.65,1.20
2024-05-31 15:24:50,16.49,19.38,16.67,300.00,3.31,1.26
2024-05-31 15:25:00,16.40,19.25,16.58,300.00,2.89,1.24
2024-05-31 15:25:10,16.32,19.12,16.39,300.00,3.45,1.26
2024-05-31 15:25:20,16.24,19.00,16.39,300.00,2.99,1.16
2024-05-31 15:25:30,16.16,18.88,16.29,300.00,3.03,1.35
2024-05-31 15:25:40,16.08,18.88,16.15,301.60,2.79,1.23
2024-05-31 15:25:50,16.01,18.75,16.15,304.38,2.82,1.17
2024-05-31 15:26:00,15.93,18.62,16.06,307.21,3.25,1.16
2024-05-31 15:26:10,15.86,18.62,15.97,310.14,3.41,1.20
2024-05-31 15:26:20,15.79,18.50,15.92,313.03,3.39,1.20
2024-05-31 15:26:30,15.70,18.50,15.92,315.72,2.94,1.12
2024-05-31 15:26:40,15.62,18.38,15.73,318.63,3.60,1.39
2024-05-31 15:26:50,15.55,18.38,15.64,321.38,3.20,1.26
2024-05-31 15:27:00,15.47,18.38,15.54,324.28,3.64,1.20
2024-05-31 15:27:10,15.39,18.25,15.45,327.08,3.36,1.13
2024-05-31 15:27:20,15.31,18.25,16.11,329.75,4.12,1.17
2024-05-31 15:27:30,15.23,18.12,15.31,332.76,3.13,1.19
2024-05-31 15:27:40,15.16,18.00,15.21,335.53,3.23,1.25
2024-05-31 15:27:50,15.10,18.00,15.21,338.27,3.63,1.19
2024-05-31 15:28:00,15.01,17.88,15.12,341.15,2.79,1.16
2024-05-31 15:28:10,14.92,17.75,14.98,343.84,3.38,1.32
2024-05-31 15:28:20,14.85,17.75,15.02,346.70,3.79,1.21
2024-05-31 15:28:30,14.77,17.62,14.93,349.47,3.39,1.13
2024-05-31 15:28:40,14.70,17.50,14.74,352.37,3.38,1.23
2024-05-31 15:28:50,14.62,17.50,14.69,355.19,3.38,1.18
2024-05-31 15:29:00,14.55,17.38,15.35,358.17,4.10,1.28
2024-05-31 15:29:10,14.47,17.25,14.60,361.06,3.31,1.32
2024-05-31 15:29:20,14.40,17.25,14.41,363.99,3.18,1.18
2024-05-31 15:29:30,14.32,17.12,14.51,366.78,3.73,1.16
2024-05-31 15:29:40,14.25,17.00,14.32,369.70,3.77,1.26
2024-05-31 15:29:50,14.17,16.88,14.27,372.60,3.58,1.16
2024-05-31 15:30:00,14.10,16.88,14.08,375.35,3.92,1.22
2024-05-31 15:30:10,14.04,16.75,14.13,378.00,4.42,1.25
2024-05-31 15:30:20,13.96,16.62,13.99,380.78,4.18,1.16
2024-05-31 15:30:30,13.88,16.50,13.99,383.70,4.08,1.20
2024-05-31 15:30:40,13.81,16.50,14.65,386.52,3.15,1.17
2024-05-31 15:30:50,13.74,16.38,13.80,389.42,3.87,1.20
2024-05-31 15:31:00,13.67,16.38,13.71,392.34,3.96,1.22
2024-05-31 15:31:10,13.60,16.38,13.57,395.10,3.50,1.29
2024-05-31 15:31:20,13.52,16.25,13.61,398.07,4.00,1.18
2024-05-31 15:31:30,13.44,16.25,13.61,401.08,4.38,1.21
2024-05-31 15:31:40,13.38,16.12,13.47,403.96,3.36,1.21
2024-05-31 15:31:50,13.32,16.12,13.42,406.81,3.47,1.14
2024-05-31 15:32:00,13.26,16.12,13.33,409.66,4.01,1.18
2024-05-31 15:32:10,13.18,16.00,13.38,412.72,4.07,1.21
2024-05-31 15:32:20,13.13,16.00,13.19,415.81,3.78,1.13
2024-05-31 15:32:30,13.07,15.88,13.14,418.63,4.45,1.19
2024-05-31 15:32:40,12.99,15.88,13.09,421.69,4.23,1.22
2024-05-31 15:32:50,12.93,15.88,13.00,424.78,3.81,1.22
2024-05-31 15:33:00,12.86,15.75,13.00,427.86,4.43,1.17
2024-05-31 15:33:10,12.80,15.62,12.95,430.95,3.43,1.25
2024-05-31 15:33:20,12.72,15.62,12.81,433.97,4.21,1.20
2024-05-31 15:33:30,12.69,15.50,12.81,437.06,4.26,1.22
2024-05-31 15:33:40,12.62,15.50,12.67,440.02,4.57,1.19
2024-05-31 15:33:50,12.56,15.38,12.67,443.05,4.20,1.21
2024-05-31 15:34:00,12.51,15.38,12.62,446.23,3.48,1.20
2024-05-31 15:34:10,12.45,15.25,12.58,449.27,3.55,1.17
2024-05-31 15:34:20,12.39,15.25,12.48,452.37,4.30,1.18
2024-05-31 15:34:30,12.34,15.12,12.48,455.52,3.91,1.19
2024-05-31 15:34:40,12.27,15.12,11.73,458.69,4.58,1.16
2024-05-31 15:34:50,12.22,15.00,12.29,461.89,3.97,1.20
2024-05-31 15:35:00,12.18,15.00,12.34,465.03,4.88,1.27
2024-05-31 15:35:10,12.11,14.88,12.20,468.14,4.52,1.23
2024-05-31 15:35:20,12.08,14.75,12.25,471.28,4.76,1.20
2024-05-31 15:35:30,12.03,14.75,12.34,474.44,4.29,1.22
2024-05-31 15:35:40,11.98,14.62,12.15,477.62,4.35,1.22
2024-05-31 15:35:50,11.95,14.62,12.06,480.91,4.47,1.22
2024-05-31 15:36:00,11.90,14.62,12.06,484.09,4.31,1.19
2024-05-31 15:36:10,11.85,14.62,12.01,487.37,5.05,1.23
2024-05-31 15:36:20,11.81,14.62,12.06,490.45,5.55,1.16
2024-05-31 15:36:30,11.55,14.50,11.87,493.54,5.42,1.20
2024-05-31 15:36:40,11.73,14.50,11.97,497.08,5.37,1.23
2024-05-31 15:36:50,11.69,14.50,11.97,500.31,5.38,1.26
2024-05-31 15:37:00,11.62,14.50,11.82,503.70,5.21,1.22
2024-05-31 15:37:10,11.57,14.50,11.87,507.10,5.68,1.18
2024-05-31 15:37:20,11.53,14.50,11.82,510.31,5.40,1.22
2024-05-31 15:37:30,11.48,14.38,11.68,513.79,6.55,1.28
2024-05-31 15:37:40,11.45,14.38,11.82,517.31,5.44,1.25
2024-05-31 15:37:50,11.42,14.38,11.73,520.73,6.04,1.21
2024-05-31 15:38:00,11.38,14.25,11.73,524.17,6.15,1.28
2024-05-31 15:38:10,11.33,14.25,11.64,527.44,6.43,1.25
2024-05-31 15:38:20,11.32,14.25,12.34,530.90,6.16,1.22
2024-05-31 15:38:30,11.29,14.12,11.59,534.22,6.46,1.19
2024-05-31 15:38:40,11.26,14.12,11.59,537.55,7.10,1.24
2024-05-31 15:38:50,11.07,14.12,11.54,540.92,7.16,1.25
2024-05-31 15:39:00,11.21,14.00,11.49,544.24,7.04,1.18
2024-05-31 15:39:10,11.20,14.00,11.40,547.25,7.14,1.25
2024-05-31 15:39:20,11.17,14.00,11.45,550.64,7.23,1.20
2024-05-31 15:39:30,11.15,13.88,11.49,553.87,7.35,1.22
2024-05-31 15:39:40,11.12,13.88,11.40,557.08,7.30,1.26
2024-05-31 15:39:50,11.09,13.88,11.35,560.35,7.09,1.27
2024-05-31 15:40:00,11.07,13.88,11.31,563.77,7.60,1.19
2024-05-31 15:40:10,11.04,13.75,11.35,567.24,6.82,1.25
2024-05-31 15:40:20,11.00,13.75,11.31,570.63,6.85,1.22
2024-05-31 15:40:30,10.98,13.62,11.31,573.93,7.33,1.21
2024-05-31 15:40:40,10.96,13.62,11.35,577.31,7.58,1.24
2024-05-31 15:40:50,10.93,13.62,11.26,580.57,7.35,1.17
2024-05-31 15:41:00,10.91,13.62,11.31,583.86,7.87,1.18
2024-05-31 15:41:10,10.89,13.62,11.21,587.06,7.62,1.20
2024-05-31 15:41:20,10.89,13.62,11.31,590.42,8.05,1.21
2024-05-31 15:41:30,10.88,13.62,11.26,593.66,8.24,1.22
2024-05-31 15:41:40,10.87,13.62,11.35,596.95,8.31,1.20
2024-05-31 15:41:50,10.86,13.62,11.21,600.33,8.09,1.19
2024-05-31 15:42:00,10.84,13.75,11.21,603.77,8.52,1.18
2024-05-31 15:42:10,10.85,13.75,11.31,607.13,8.33,1.21
2024-05-31 15:42:20,10.85,13.75,11.21,610.42,8.90,1.23
2024-05-31 15:42:30,10.87,13.75,11.31,613.66,8.95,1.18
2024-05-31 15:42:40,10.88,13.75,11.21,617.10,9.51,1.20
2024-05-31 15:42:50,10.88,13.75,11.26,620.21,9.06,1.25
2024-05-31 15:43:00,10.89,13.75,11.31,623.50,9.23,1.18
2024-05-31 15:43:10,10.89,13.75,11.40,626.70,9.31,1.19
2024-05-31 15:43:20,10.89,13.75,11.26,630.04,10.56,1.30
2024-05-31 15:43:30,10.86,13.75,11.35,633.32,10.95,1.23
2024-05-31 15:43:40,10.87,13.75,11.40,636.72,10.93,1.18
2024-05-31 15:43:50,10.87,13.62,11.35,639.95,11.63,1.17
2024-05-31 15:44:00,10.88,13.62,11.35,643.23,11.52,1.18
2024-05-31 15:44:10,10.86,13.62,11.31,646.70,11.94,1.20
2024-05-31 15:44:20,10.88,13.62,11.35,650.27,12.00,1.20
2024-05-31 15:44:30,10.88,13.62,11.31,653.70,11.82,1.16
2024-05-31 15:44:40,10.89,13.62,11.40,657.49,12.16,1.25
2024-05-31 15:44:50,10.88,13.62,11.40,661.09,11.85,1.26
2024-05-31 15:45:00,10.91,13.62,11.31,664.70,12.66,1.18
2024-05-31 15:45:10,10.92,13.50,11.45,668.29,13.12,1.20
2024-05-31 15:45:20,10.94,13.50,11.45,672.03,12.76,1.22
2024-05-31 15:45:30,10.94,13.62,11.49,675.71,13.28,1.16
2024-05-31 15:45:40,10.94,13.62,11.40,679.57,13.21,1.23
2024-05-31 15:45:50,10.96,13.62,11.45,683.38,12.55,1.19
2024-05-31 15:46:00,10.99,13.62,11.54,687.30,14.73,1.20
2024-05-31 15:46:10,11.00,13.62,11.54,691.23,14.19,1.21
2024-05-31 15:46:20,11.02,13.75,11.45,695.24,15.02,1.19
2024-05-31 15:46:30,11.03,13.75,11.49,699.29,15.16,1.22
2024-05-31 15:46:40,11.06,13.75,11.54,703.53,14.82,1.20
2024-05-31 15:46:50,11.09,13.88,11.59,707.78,15.20,1.15
2024-05-31 15:47:00,11.12,13.88,12.34,712.27,15.65,1.24
2024-05-31 15:47:10,11.16,14.00,11.73,716.85,17.24,1.16
2024-05-31 15:47:20,11.18,14.00,11.73,721.63,17.75,1.23
2024-05-31 15:47:30,11.20,14.00,11.78,726.08,18.30,1.23
2024-05-31 15:47:40,11.23,14.00,11.82,730.37,18.95,1.19
2024-05-31 15:47:50,11.26,14.00,11.92,734.45,19.97,1.17
2024-05-31 15:48:00,11.28,14.00,11.87,738.70,20.62,1.21
2024-05-31 15:48:10,11.29,14.12,11.82,742.79,21.02,1.22
2024-05-31 15:48:20,11.34,14.12,11.82,746.43,22.31,1.22
2024-05-31 15:48:30,11.34,14.12,11.92,750.41,22.08,1.19
2024-05-31 15:48:40,11.36,14.12,12.01,754.68,22.28,1.18
2024-05-31 15:48:50,11.38,14.12,12.01,758.89,22.97,1.21
2024-05-31 15:49:00,11.41,14.12,12.06,762.91,23.82,1.17
2024-05-31 15:49:10,11.44,14.12,12.06,766.74,24.35,1.17
2024-05-31 15:49:20,11.47,14.12,12.15,770.55,23.79,1.19
2024-05-31 15:49:30,11.49,14.25,12.11,774.62,24.48,1.17
2024-05-31 15:49:40,11.52,14.25,12.20,778.75,25.37,1.18
2024-05-31 15:49:50,11.55,14.25,12.15,782.94,25.92,1.18
2024-05-31 15:50:00,11.57,14.25,12.29,787.20,26.29,1.22
2024-05-31 15:50:10,11.59,14.25,12.29,791.89,26.67,1.30
2024-05-31 15:50:20,11.62,14.25,12.20,796.24,26.71,1.18
2024-05-31 15:50:30,11.64,14.25,12.34,800.58,27.88,1.18
2024-05-31 15:50:40,11.67,14.25,12.29,804.94,27.67,1.25
2024-05-31 15:50:50,11.70,14.38,12.34,809.34,27.79,1.22
2024-05-31 15:51:00,11.72,14.38,12.25,813.63,29.45,1.19
2024-05-31 15:51:10,11.77,14.38,12.44,817.84,29.34,1.20
2024-05-31 15:51:20,11.80,14.50,12.44,822.05,29.58,1.19
2024-05-31 15:51:30,11.82,14.50,12.48,826.42,30.45,1.17
2024-05-31 15:51:40,11.83,14.50,12.44,830.83,30.19,1.21
2024-05-31 15:51:50,11.87,14.62,12.58,835.12,30.29,1.19
2024-05-31 15:52:00,11.89,14.75,12.53,839.47,30.75,1.17
2024-05-31 15:52:10,11.95,14.75,12.62,843.79,31.07,1.18
2024-05-31 15:52:20,11.98,14.88,12.62,848.20,31.93,1.17
2024-05-31 15:52:30,12.02,14.88,12.67,852.33,31.80,1.18
2024-05-31 15:52:40,12.06,14.88,12.72,856.71,31.99,1.17
2024-05-31 15:52:50,12.12,14.88,12.72,861.57,32.68,1.19
2024-05-31 15:53:00,12.15,15.00,12.77,866.71,32.90,1.18
2024-05-31 15:53:10,12.20,15.00,12.86,871.94,33.12,1.16
2024-05-31 15:53:20,12.22,15.00,12.91,876.91,33.81,1.17
2024-05-31 15:53:30,12.28,15.00,12.91,881.99,35.08,1.21
2024-05-31 15:53:40,12.32,15.12,12.91,886.65,35.89,1.14
2024-05-31 15:53:50,12.37,15.12,13.09,891.30,35.42,1.19
2024-05-31 15:54:00,12.43,15.12,13.05,896.05,35.91,1.20
2024-05-31 15:54:10,12.47,15.12,13.14,900.69,37.98,1.22
2024-05-31 15:54:20,12.51,15.25,13.09,904.72,37.21,1.17
2024-05-31 15:54:30,12.54,15.25,13.19,908.81,38.55,1.19
2024-05-31 15:54:40,12.59,15.25,13.85,912.91,39.41,1.18
2024-05-31 15:54:50,12.63,15.25,13.28,917.18,40.42,1.22
2024-05-31 15:55:00,12.67,15.38,13.38,921.62,40.41,1.16
2024-05-31 15:55:10,12.72,15.25,13.38,926.31,40.56,1.14
2024-05-31 15:55:20,12.78,15.38,13.33,930.90,42.02,1.17
2024-05-31 15:55:30,12.83,15.38,13.52,936.11,43.34,1.23
2024-05-31 15:55:40,12.87,15.50,13.52,941.34,42.63,1.21
2024-05-31 15:55:50,12.93,15.50,13.57,946.84,43.68,1.11
2024-05-31 15:56:00,12.98,15.50,13.71,952.02,42.50,1.17
2024-05-31 15:56:10,13.02,15.62,13.71,956.68,43.54,1.17
2024-05-31 15:56:20,13.07,15.75,13.71,961.10,43.60,1.25
2024-05-31 15:56:30,13.13,15.75,13.85,964.92,44.96,1.23
2024-05-31 15:56:40,13.17,15.88,13.85,969.22,44.53,1.14
2024-05-31 15:56:50,13.21,15.88,13.19,974.30,44.82,1.20
2024-05-31 15:57:00,13.26,16.00,14.13,978.13,46.69,1.09
2024-05-31 15:57:10,13.33,16.12,13.99,983.89,46.71,1.34
2024-05-31 15:57:20,13.41,16.12,14.22,987.95,46.33,1.01
2024-05-31 15:57:30,13.49,16.25,14.22,992.58,48.00,1.15
2024-05-31 15:57:40,13.55,16.25,14.27,996.10,48.44,1.14
2024-05-31 15:57:50,13.64,16.38,14.37,999.59,49.17,1.22
2024-05-31 15:58:00,13.73,16.38,14.41,1003.46,49.53,1.16
2024-05-31 15:58:10,13.80,16.38,14.65,1006.08,48.99,1.10
2024-05-31 15:58:20,13.86,16.38,14.60,1006.06,48.30,1.15
2024-05-31 15:58:30,13.89,16.50,15.40,1006.07,48.98,1.13
2024-05-31 15:58:40,13.94,16.50,14.69,1005.99,48.32,1.13
2024-05-31 15:58:50,14.00,16.50,14.84,1006.11,48.49,1.13
2024-05-31 15:59:00,14.04,16.50,14.79,1006.15,47.74,1.13
2024-05-31 15:59:10,14.09,16.50,14.88,1006.06,48.03,1.12
2024-05-31 15:59:20,14.13,16.50,14.93,1006.10,47.01,1.13
2024-05-31 15:59:30,14.18,16.62,14.93,1006.08,47.35,1.15
2024-05-31 15:59:40,14.23,16.62,15.07,1006.06,46.19,1.14
2024-05-31 15:59:50,14.28,16.62,15.17,1006.07,46.74,1.14
2024-05-31 16:00:00,14.34,16.62,15.17,1006.08,46.00,1.14
2024-05-31 16:00:10,14.39,16.62,15.21,1006.04,46.53,1.11
2024-05-31 16:00:20,14.46,16.75,15.26,1006.04,44.98,1.13
2024-05-31 16:00:30,14.51,16.75,15.31,1006.05,44.92,1.13
2024-05-31 16:00:40,14.56,16.88,15.31,1005.97,44.62,1.15
2024-05-31 16:00:50,14.62,17.00,15.45,1006.05,44.20,1.13
2024-05-31 16:01:00,14.69,17.00,15.59,1006.07,44.11,1.14
2024-05-31 16:01:10,14.75,17.12,15.54,1006.01,44.06,1.14
2024-05-31 16:01:20,14.82,17.25,15.78,1006.07,43.85,1.11
2024-05-31 16:01:30,14.90,17.38,15.73,1006.09,43.46,1.12
2024-05-31 16:01:40,14.85,17.50,15.82,1005.81,43.94,1.13
2024-05-31 16:01:50,15.05,17.62,15.92,1006.11,43.47,1.13
2024-05-31 16:02:00,15.13,17.75,15.97,1006.08,42.58,1.12
2024-05-31 16:02:10,15.20,17.88,15.97,1006.12,42.54,1.13
2024-05-31 16:02:20,15.30,18.00,16.06,1006.13,42.81,1.14
2024-05-31 16:02:30,15.38,18.00,15.45,1006.07,42.46,1.12
2024-05-31 16:02:40,15.47,18.12,16.29,1006.15,42.60,1.13
2024-05-31 16:02:50,15.56,18.25,16.39,1006.08,42.55,1.14
2024-05-31 16:03:00,15.64,18.25,16.53,1006.11,41.79,1.14
2024-05-31 16:03:10,15.72,18.38,16.67,1006.12,41.95,1.13
2024-05-31 16:03:20,15.80,18.38,16.58,1006.06,41.84,1.13
2024-05-31 16:03:30,15.89,18.50,16.72,1006.06,41.56,1.13
2024-05-31 16:03:40,15.96,18.50,16.86,1006.07,41.13,1.13
2024-05-31 16:03:50,16.04,18.50,17.66,1006.04,40.89,1.13
2024-05-31 16:04:00,16.11,18.62,16.95,1006.02,40.77,1.14
2024-05-31 16:04:10,16.18,18.62,17.00,1006.07,40.59,1.13
2024-05-31 16:04:20,16.26,18.75,17.14,1006.04,40.06,1.14
2024-05-31 16:04:30,16.33,18.75,17.09,1005.97,40.52,1.14
2024-05-31 16:04:40,16.41,18.88,17.24,1006.02,40.31,1.14
2024-05-31 16:04:50,16.47,18.88,17.33,1006.10,39.71,1.14
2024-05-31 16:05:00,16.54,18.88,17.38,1006.05,39.62,1.13
2024-05-31 16:05:10,16.60,18.88,17.38,1006.02,38.82,1.12
2024-05-31 16:05:20,16.69,19.00,17.52,1006.06,40.04,1.12
2024-05-31 16:05:30,16.74,19.12,17.61,1006.00,39.63,1.14
2024-05-31 16:05:40,16.81,19.12,18.37,1005.99,39.62,1.14
2024-05-31 16:05:50,16.90,19.25,17.71,1006.07,39.35,1.12
2024-05-31 16:06:00,16.97,19.38,17.80,1006.03,40.03,1.11
2024-05-31 16:06:10,17.05,19.50,17.89,1006.08,39.42,1.11
2024-05-31 16:06:20,17.13,19.62,17.89,1006.09,39.20,1.12
2024-05-31 16:06:30,17.20,19.75,17.99,1006.04,38.57,1.13
2024-05-31 16:06:40,17.28,19.88,17.99,1006.10,38.16,1.12
2024-05-31 16:06:50,17.37,20.00,18.22,1006.11,38.65,1.12
2024-05-31 16:07:00,17.43,20.12,18.27,1006.05,38.28,1.14
2024-05-31 16:07:10,17.53,20.25,18.22,1006.07,38.71,1.14
2024-05-31 16:07:20,17.63,20.38,18.37,1006.09,38.45,1.12
2024-05-31 16:07:30,17.71,20.50,17.71,1006.09,38.50,1.13
2024-05-31 16:07:40,17.80,20.50,18.74,1006.11,38.05,1.12
2024-05-31 16:07:50,17.90,20.62,18.74,1006.17,38.04,1.11
2024-05-31 16:08:00,17.98,20.62,18.88,1006.15,37.53,1.11
2024-05-31 16:08:10,18.06,20.75,18.98,1006.07,37.54,1.10
2024-05-31 16:08:20,18.14,20.75,18.88,1006.08,37.68,1.12
2024-05-31 16:08:30,18.22,20.88,19.07,1006.08,36.91,1.12
2024-05-31 16:08:40,18.29,20.88,19.07,1006.14,37.45,1.14
2024-05-31 16:08:50,18.38,20.88,18.46,1006.10,36.92,1.12
2024-05-31 16:9:00,18.45,21.00,19.26,1006.08,36.76,1.12
2024-05-31 16:9:10,18.51,21.00,19.21,1006.05,36.63,1.12
2024-05-31 16:9:20,18.58,21.12,19.35,1006.13,36.42,1.10
2024-05-31 16:9:30,18.66,21.12,19.49,1006.11,35.89,1.14
2024-05-31 16:9:40,18.72,21.12,19.54,1006.10,36.03,1.13
2024-05-31 16:9:50,18.78,21.25,19.59,1006.05,35.89,1.12
2024-05-31 16:10:00,18.85,21.25,19.68,1006.08,35.18,1.12
2024-05-31 16:10:10,18.92,21.25,19.78,1006.04,35.94,1.13
2024-05-31 16:10:20,18.98,21.38,19.87,1006.01,35.54,1.12
2024-05-31 16:10:30,19.04,21.38,19.82,1006.08,36.00,1.11
2024-05-31 16:10:40,19.10,21.50,20.58,1006.08,35.56,1.11
2024-05-31 16:10:50,19.17,21.62,19.92,1006.12,35.08,1.14
2024-05-31 16:11:00,19.24,21.62,19.21,1006.14,35.37,1.11
2024-05-31 16:11:10,19.30,21.75,19.97,1006.12,35.36,1.11
2024-05-31 16:11:20,19.37,21.88,20.11,1006.08,34.31,1.12
2024-05-31 16:11:30,19.45,22.00,20.15,1006.07,34.45,1.12
2024-05-31 16:11:40,19.50,22.12,20.25,1006.10,34.85,1.12
2024-05-31 16:11:50,19.59,22.12,20.34,1006.11,34.50,1.12
2024-05-31 16:12:00,19.67,22.38,20.44,1006.06,34.55,1.12
2024-05-31 16:12:10,19.73,22.50,20.53,1006.06,34.35,1.12
2024-05-31 16:12:20,19.80,22.50,20.53,1006.13,34.79,1.10
2024-05-31 16:12:30,19.87,22.62,20.53,1006.11,34.34,1.12
2024-05-31 16:12:40,19.96,22.62,19.97,1006.17,34.11,1.12
2024-05-31 16:12:50,20.03,22.75,20.81,1006.10,34.18,1.12
2024-05-31 16:13:00,20.10,22.75,21.42,1006.14,34.20,1.12
2024-05-31 16:13:10,20.17,22.75,20.81,1006.13,33.50,1.11
2024-05-31 16:13:20,20.24,22.88,20.95,1006.05,33.70,1.12
2024-05-31 16:13:30,20.30,22.88,21.05,1006.11,34.05,1.11
2024-05-31 16:13:40,20.37,22.88,21.09,1006.11,33.25,1.11
2024-05-31 16:13:50,20.43,23.00,21.19,1006.08,33.35,1.12
2024-05-31 16:14:00,20.50,23.00,21.28,1006.16,33.57,1.12
2024-05-31 16:14:10,20.54,23.00,21.28,1006.13,33.19,1.11
2024-05-31 16:14:20,20.60,23.12,21.38,1006.14,33.19,1.11
2024-05-31 16:14:30,20.65,23.12,21.38,1006.15,32.29,1.11
2024-05-31 16:14:40,20.70,23.12,22.13,1006.10,33.09,1.10
2024-05-31 16:14:50,20.75,23.12,20.77,1006.10,33.21,1.12
2024-05-31 16:15:00,20.82,23.25,21.52,1006.09,32.78,1.12
2024-05-31 16:15:10,20.86,23.12,21.61,1006.05,33.15,1.13
2024-05-31 16:15:20,20.92,23.25,21.61,1006.09,33.09,1.12
2024-05-31 16:15:30,20.97,23.25,21.66,1006.14,32.60,1.11
2024-05-31 16:15:40,21.01,23.38,21.75,1006.13,32.40,1.11
2024-05-31 16:15:50,21.06,23.50,21.75,1006.04,32.28,1.11
2024-05-31 16:16:00,21.11,23.50,21.80,1006.11,32.68,1.11
2024-05-31 16:16:10,21.16,23.62,21.80,1006.12,32.36,1.12
2024-05-31 16:16:20,21.22,23.75,21.85,1006.12,32.21,1.11
2024-05-31 16:16:30,21.27,23.75,21.94,1006.12,32.54,1.11
2024-05-31 16:16:40,21.32,23.88,21.94,1006.18,32.19,1.11
2024-05-31 16:16:50,21.38,24.00,22.13,1006.14,31.88,1.12
2024-05-31 16:17:00,21.41,24.12,22.08,1006.11,32.51,1.10
2024-05-31 16:17:10,21.51,24.25,22.93,1006.19,31.83,1.11
2024-05-31 16:17:20,21.58,24.25,21.47,1006.14,31.87,1.11
2024-05-31 16:17:30,21.62,24.38,22.22,1006.13,31.83,1.12
2024-05-31 16:17:40,21.69,24.38,22.37,1006.14,32.09,1.12
2024-05-31 16:17:50,21.75,24.38,22.46,1006.13,31.74,1.11
2024-05-31 16:18:00,21.82,24.50,22.41,1006.20,31.58,1.10
2024-05-31 16:18:10,21.88,24.50,22.55,1006.11,31.42,1.10
2024-05-31 16:18:20,21.93,24.50,22.65,1006.24,31.60,1.10
2024-05-31 16:18:30,21.98,24.50,22.65,1006.25,31.27,1.12
2024-05-31 16:18:40,22.03,24.62,22.69,1006.17,31.34,1.12
2024-05-31 16:18:50,22.07,24.62,22.69,1006.24,31.22,1.12
2024-05-31 16:19:00,22.13,24.62,22.74,1006.17,31.49,1.11
2024-05-31 16:19:10,22.17,24.62,22.79,1006.11,30.80,1.10
2024-05-31 16:19:20,22.22,24.62,22.79,1006.20,30.90,1.11
2024-05-31 16:19:30,22.25,24.75,22.74,1006.20,30.48,1.12
2024-05-31 16:19:40,22.29,24.75,22.93,1006.18,31.09,1.10
2024-05-31 16:19:50,22.34,24.75,23.68,1006.13,30.65,1.12
2024-05-31 16:20:00,22.38,24.75,23.68,1006.11,30.36,1.11
2024-05-31 16:20:10,22.43,24.75,23.02,1006.19,30.23,1.10
2024-05-31 16:20:20,22.47,24.75,23.07,1006.10,30.82,1.10
2024-05-31 16:20:30,22.51,24.88,23.17,1006.19,30.61,1.11
2024-05-31 16:20:40,22.55,24.88,23.17,1006.17,30.18,1.11
2024-05-31 16:20:50,22.58,25.00,23.26,1006.18,29.73,1.10
2024-05-31 16:21:00,22.62,25.00,23.26,1006.19,30.37,1.11
2024-05-31 16:21:10,22.67,25.12,23.26,1006.19,30.00,1.12
2024-05-31 16:21:20,22.71,25.12,23.31,1006.17,30.04,1.12
2024-05-31 16:21:30,22.76,25.25,23.40,1006.15,30.27,1.12
2024-05-31 16:21:40,22.81,25.38,23.40,1006.18,30.08,1.10
2024-05-31 16:21:50,22.85,25.38,23.40,1006.20,30.27,1.09
2024-05-31 16:22:00,22.90,25.62,23.54,1006.21,30.15,1.11
2024-05-31 16:22:10,22.96,25.62,23.59,1006.16,29.78,1.12
2024-05-31 16:22:20,23.02,25.75,23.64,1006.18,30.23,1.11
2024-05-31 16:22:30,23.08,25.75,24.39,1006.20,29.98,1.09
2024-05-31 16:22:40,23.12,25.75,23.68,1006.09,30.05,1.11
2024-05-31 16:22:50,23.18,25.88,24.44,1006.16,30.14,1.10
2024-05-31 16:23:00,23.24,25.88,23.92,1006.18,29.60,1.10
2024-05-31 16:23:10,23.28,25.88,23.92,1006.11,30.02,1.10
2024-05-31 16:23:20,23.33,25.88,23.92,1006.20,29.67,1.12
2024-05-31 16:23:30,23.37,25.88,23.92,1006.16,30.10,1.11
2024-05-31 16:23:40,23.43,26.00,23.97,1006.24,29.59,1.11
2024-05-31 16:23:50,23.47,26.00,24.11,1006.10,29.61,1.11
2024-05-31 16:24:00,23.35,26.00,24.06,1005.89,29.31,1.10
2024-05-31 16:24:10,23.55,26.00,24.15,1006.23,29.70,1.11
2024-05-31 16:24:20,23.60,26.00,24.15,1006.20,28.76,1.12
2024-05-31 16:24:30,23.63,26.00,24.20,1006.23,29.37,1.10
2024-05-31 16:24:40,23.66,26.12,24.20,1006.15,29.24,1.11
2024-05-31 16:24:50,23.69,26.12,24.25,1006.22,29.05,1.10
2024-05-31 16:25:00,23.74,26.12,24.34,1006.14,29.86,1.12
2024-05-31 16:25:10,23.77,26.12,24.34,1006.11,28.84,1.11
2024-05-31 16:25:20,23.80,26.12,24.34,1006.16,28.74,1.11
2024-05-31 16:25:30,23.84,26.12,24.44,1006.15,28.57,1.09
2024-05-31 16:25:40,23.87,26.25,24.44,1006.23,29.29,1.12
2024-05-31 16:25:50,23.90,26.25,24.44,1006.15,29.27,1.10
2024-05-31 16:26:00,23.94,26.38,23.82,1006.17,29.02,1.08
2024-05-31 16:26:10,23.98,26.38,24.48,1006.21,28.30,1.10
2024-05-31 16:26:20,24.04,26.50,24.48,1006.23,28.95,1.10
2024-05-31 16:26:30,24.06,26.50,24.53,1006.25,28.68,1.11
2024-05-31 16:26:40,24.11,26.62,24.62,1006.16,28.44,1.07
2024-05-31 16:26:50,24.15,26.75,24.62,1006.21,28.20,1.15
2024-05-31 16:27:00,24.20,26.88,24.72,1006.19,28.96,1.12
2024-05-31 16:27:10,24.27,26.88,24.67,1006.22,28.67,1.16
2024-05-31 16:27:20,24.32,27.00,24.81,1006.27,28.33,1.09
2024-05-31 16:27:30,24.40,27.00,24.86,1006.25,28.57,1.13
2024-05-31 16:27:40,24.45,27.12,24.86,1006.32,28.77,1.13
2024-05-31 16:27:50,24.51,27.12,25.14,1006.27,29.06,1.11
2024-05-31 16:28:00,24.58,27.25,25.00,1006.35,28.53,1.10
2024-05-31 16:28:10,24.62,27.25,25.14,1006.26,28.43,0.98
2024-05-31 16:28:20,24.67,27.25,24.48,1006.31,28.41,1.12
2024-05-31 16:28:30,24.65,27.38,25.94,1006.13,27.41,1.13
2024-05-31 16:28:40,24.78,27.38,25.33,1006.24,27.97,1.15
2024-05-31 16:28:50,24.84,27.38,25.33,1006.30,28.23,1.15
2024-05-31 16:29:00,24.88,27.38,25.42,1006.24,28.30,1.14
2024-05-31 16:29:10,24.93,27.50,25.42,1006.26,27.60,1.13
2024-05-31 16:29:20,24.98,27.50,25.61,1006.24,28.02,1.13
2024-05-31 16:29:30,25.03,27.50,25.66,1006.32,28.09,1.13
2024-05-31 16:29:40,25.07,27.50,25.61,1006.28,27.47,1.08
2024-05-31 16:29:50,25.11,27.62,25.61,1006.31,27.48,1.11
2024-05-31 16:30:00,25.15,27.62,25.66,1006.28,28.34,1.13
2024-05-31 16:30:10,25.18,27.62,25.80,1006.31,27.62,1.12
2024-05-31 16:30:20,25.22,27.62,25.85,1006.29,27.48,1.13
2024-05-31 16:30:30,25.24,27.62,25.75,1006.27,27.80,1.13
2024-05-31 16:30:40,25.28,27.75,25.85,1006.25,27.69,1.12
2024-05-31 16:30:50,25.33,27.75,25.85,1006.33,27.90,1.11
2024-05-31 16:31:00,25.35,27.75,26.65,1006.29,27.93,1.11
2024-05-31 16:31:10,25.39,27.88,25.89,1006.28,27.67,1.13
2024-05-31 16:31:20,25.43,27.88,26.69,1006.25,27.30,1.13
2024-05-31 16:31:30,25.47,28.00,25.99,1006.29,27.55,1.13
2024-05-31 16:31:40,25.51,28.00,26.04,1006.63,27.63,1.16
2024-05-31 16:31:50,25.55,28.00,26.18,1006.63,27.61,1.13
2024-05-31 16:32:00,25.60,28.12,26.08,1006.56,27.64,1.00
2024-05-31 16:32:10,25.64,28.12,26.13,1006.59,27.08,1.07
2024-05-31 16:32:20,25.70,28.25,26.22,1006.75,27.16,1.12
2024-05-31 16:32:30,25.73,28.12,26.13,1006.75,27.64,1.10
2024-05-31 16:32:40,25.78,28.12,26.22,1006.82,27.36,1.09
2024-05-31 16:32:50,25.81,28.12,26.27,1006.82,27.21,1.10
2024-05-31 16:33:00,25.84,28.12,26.27,1006.79,27.04,1.14
2024-05-31 16:33:10,25.87,28.00,26.22,1006.77,27.09,1.10
2024-05-31 16:33:20,25.90,28.00,26.18,1006.74,27.43,1.09
2024-05-31 16:33:30,25.93,28.00,26.27,1006.77,26.65,1.08
2024-05-31 16:33:40,25.96,28.00,26.22,1006.78,26.86,1.09
2024-05-31 16:33:50,25.98,27.88,26.27,1006.78,27.20,1.09
2024-05-31 16:34:00,26.02,27.88,26.27,1006.79,27.17,1.09
2024-05-31 16:34:10,26.02,27.88,26.22,1006.77,26.91,1.09
2024-05-31 16:34:20,26.05,27.88,26.27,1006.82,27.35,1.10
2024-05-31 16:34:30,26.07,27.88,26.32,1006.74,26.74,1.09
2024-05-31 16:34:40,26.09,27.75,26.22,1006.72,27.05,1.10
2024-05-31 16:34:50,26.11,27.75,26.32,1006.70,27.43,1.08
2024-05-31 16:35:00,26.12,27.75,26.22,1006.75,27.20,1.09
2024-05-31 16:35:10,26.15,27.62,26.22,1006.67,26.64,1.10
2024-05-31 16:35:20,26.17,27.62,26.27,1006.75,26.32,1.10
2024-05-31 16:35:30,26.18,27.62,26.37,1006.76,26.79,1.09
2024-05-31 16:35:40,26.20,27.62,26.27,1006.74,26.73,1.09
2024-05-31 16:35:50,26.23,27.75,26.37,1006.73,27.28,1.09
2024-05-31 16:36:00,26.25,27.75,26.18,1006.64,26.70,1.09
2024-05-31 16:36:10,26.28,27.75,26.37,1006.69,26.42,1.05
2024-05-31 16:36:20,26.34,27.88,26.46,1006.63,26.65,1.03
2024-05-31 16:36:30,26.36,28.00,26.46,1006.58,26.69,0.89
2024-05-31 16:36:40,26.35,28.00,26.41,1006.67,27.14,1.09
2024-05-31 16:36:50,26.34,28.00,26.46,1006.69,27.23,1.26
2024-05-31 16:37:00,26.35,28.12,26.55,1006.78,26.58,1.26
2024-05-31 16:37:10,26.38,28.12,26.51,1006.74,27.07,0.90
2024-05-31 16:37:20,26.40,28.12,26.41,1006.88,26.60,0.96
2024-05-31 16:37:30,26.41,28.12,26.46,1006.77,27.23,1.28
2024-05-31 16:37:40,26.41,28.12,26.60,1006.66,27.57,1.31
2024-05-31 16:37:50,26.39,28.12,26.41,1006.53,27.50,1.06
2024-05-31 16:38:00,26.40,28.12,26.46,1006.47,28.90,0.81
2024-05-31 16:38:10,26.42,28.00,26.55,1006.34,29.34,1.44
2024-05-31 16:38:20,26.46,28.00,26.46,1006.24,29.33,0.73
2024-05-31 16:38:30,26.49,28.00,26.55,1006.21,28.49,0.79
2024-05-31 16:38:40,26.48,28.00,26.51,1006.19,28.24,1.18
2024-05-31 16:38:50,26.45,27.88,26.51,1006.19,28.29,0.85
2024-05-31 16:39:00,26.46,27.88,26.41,1006.16,28.04,0.77
2024-05-31 16:39:10,26.45,27.88,26.41,1006.30,28.72,1.38
2024-05-31 16:39:20,26.48,27.88,26.51,1006.29,29.42,1.34
2024-05-31 16:39:30,26.54,27.88,26.55,1006.37,28.60,1.22
2024-05-31 16:39:40,26.59,28.00,26.60,1006.34,28.36,1.26
2024-05-31 16:39:50,26.64,28.00,26.69,1006.45,28.57,1.18
2024-05-31 16:40:00,26.69,28.12,26.79,1006.57,28.74,1.24
2024-05-31 16:40:10,26.69,28.12,26.84,1006.48,27.90,1.16
2024-05-31 16:40:20,26.66,28.25,26.74,1006.56,28.73,1.17
2024-05-31 16:40:30,26.66,28.25,27.02,1006.61,28.36,1.10
2024-05-31 16:40:40,26.71,28.38,26.93,1006.68,28.73,1.14
2024-05-31 16:40:50,26.78,28.50,27.07,1006.60,28.44,1.12
2024-05-31 16:41:00,26.84,28.62,27.12,1006.63,28.66,1.13
2024-05-31 16:41:10,26.90,28.75,27.21,1006.69,28.09,1.15
2024-05-31 16:41:20,26.99,28.88,27.35,1006.64,28.51,1.14
2024-05-31 16:41:30,27.06,29.12,27.26,1006.63,28.21,1.14
2024-05-31 16:41:40,27.12,29.25,27.45,1006.57,28.24,1.14
2024-05-31 16:41:50,27.21,29.38,28.20,1006.70,28.04,0.89
2024-05-31 16:42:00,27.30,29.62,27.49,1006.63,28.02,1.08
2024-05-31 16:42:10,27.37,29.75,27.64,1006.58,27.71,1.00
2024-05-31 16:42:20,27.46,29.88,27.78,1006.64,28.46,1.21
2024-05-31 16:42:30,27.45,29.88,27.82,1006.62,35.17,0.74
2024-05-31 16:42:40,27.22,29.62,27.45,1006.65,36.65,0.79
2024-05-31 16:42:50,26.66,29.12,27.02,1006.61,35.81,0.78
